0,0,0,0,0,4.24521905531257,2.03261068578534,5.70014535251185,0,0.00382562883784389,0,0.018920702898707,0,12.9390553867551,0.0232374436424398,0.00267974281190206,0,0,0,0,0,0,0,0,0,0,0,0.00274948680435479,15.9122771976918,3.5889224666727,0,0,0.0157414817792406,0.0042287465224633,0,0,0,0.00129871867367794,0,0.148166794888556,0,0,0,0,0,0,0,0,0,0,0,0,0,0,0,0,0,0,0,0,0,0,0,0,0,0,0,0,0,0,0,0,0,0,0,0,0,0,0,0,0,0,0,0,0,0,0,0
0,0,1.5056063226676,0,0,0,0,0,0.0519098985285579,0,2.06081864360367,0,0.621727726925927,0,0,0.0163316529754684,0.19065805083199,0.0303133350561144,0.888274291019823,0,0.0176796216655248,5.51295547333221,0.0852152336336775,0.00207151856663451,4.8805160456848,1.25989385684184,1.38180030209963,0.0026158091943946,0,0.00275923649940895,0,0,0,1.49217712847922,0,0.199873768757062,0.792124623672355,0.455939852716599,0.035522469235658,0,4.44752302359627e-05,0.0171929482501202,0.000128964205220507,0.00184108427318752,0,0,0,0,0,0,0.0293285670379156,0,0,0,0,0,0,0,0,0.00163678700402281,0,0,0,0,0,0,0,0,0,0,0.222208998328431,0,0,0.56669658999609,0,0.000192696110899032,0,0,0,0,0,0,0,0,0.37912257680436,0.00132655632320047,0.00060389660716407,0
0,1.5056063226676,0,0,0,0.000327906749484346,0.00220657216440955,0,0.283408509103161,9.51655987494306e-05,0.0197667607196363,3.5198974326643e-05,0.00286930344805993,0,0,0.273981882715295,1.67179217887185,0,0.102992737709147,0.00114982821183483,0.890391091785479,2.17218252883894,4.42906283387206,0.128236475869851,0.00388721128905416,8.07888438120783,3.66941498972293,0.0436343355954502,0,0.0955348037343067,0,0,0.000136828183360965,1.52535475229963,0,1.46951105877771,1.45012382426754,0.0856410059986574,0.0207782889132718,0.00172820991813415,0.000698840917576182,0.00154277072197295,0.00299719089653815,1.74756845273127e-05,0,0,0,0,0,0,0,0,0,0,0,0,0,0,0,0,0,0,0,0,0,0,0,0,0,0,0,0,0,0,0,0,0,0,0,0,0,0,0,0,1.47478215694592,0,0.00322278137985114,0
0,0,0,0,0,0.510075349985837,0.321027145867127,0,0,2.00599282917798,0,1.6461945797692,0,0,0,0,0,0,0,77.6631325521279,0,0,0,2.82094380947992,0,0,0,20.5420556093404,0,0,0,0,0,0,0,0,0,0,0,0,0,0,0,0,0,0,0,0,0,0,0,0,0.195240126790599,0,0,0,0,0,0,0,0,0,0,0,0,0,0,0,0.00845936896212439,0,0,0,0,0,0,0,0,0,0,0,0,0,0,0,0,0,0,0
0,0,0,0,0,1.32914135348126,0,0.619403226462256,0,0,0,0,0,0.264935077869461,0.769051129082035,0,0,0,0,0,0,0,0,0,0,0,0,0,0.755176717595563,0,0,14.9893770480616,0,0.679716605708697,0.0375511128453691,0.0622206882191658,0.00490805280982563,0.0126082743899566,0.00479716038306123,20.382426447443,11.516700580696,0,0.250291471436195,0.0508281047007023,0.00144336644379657,0.00263277143666774,0.210581847949801,0.0138115667296355,0,0,0,0,0,0.0299516149684947,0,0,0,0,0,0,0,0,0,0,0,0,0,0,0,0,0,0,0,0,0,0,0,0,0,0,0,0,7.50106968568983e-05,0.00665870178690481,0.0772455922129123,0.341513234277901,0.000888002461631649,0.0160564500940676
4.24521905531257,0,0.000327906749484346,0.510075349985837,1.32914135348126,0,6.35655685071537,10.3024938989042,0.0191367615440839,7.14618324167998,0.00190041032696352,4.04740913720142,0.000880344461284564,1.71898368475139,0.709096174478235,0.0292515114306327,0,0,0.000328665829911694,1.28210334818423,0.0141434784533346,0.00348507576837097,0.00534290885718137,1.82623820295495,0,0.000234153772509156,0.000205011533193088,1.43480051892583,8.25020654162858,1.1061664920895,0,2.46779149180953,1.30752520302971,1.50707774579107,0,0.33942778127604,0.0336649627905007,0.399499962196567,0.0318932261121598,7.84969603961752,3.75968128882256,0,6.27410006419425e-05,2.56576176294321e-05,0,0,0,0,0,0,0,0,0,0,0,0,0,0,0,0,0,0,0,0,0,0,0,0,0,0,0,0,0,0,0,0,0,0,0,0,0,0,0,0,0.129734768801228,0,0.0014389081252153,0
2.03261068578534,0,0.00220657216440955,0.321027145867127,0,6.35655685071537,0,3.20915460895904,0.0295531244126943,17.2548774337602,0,0.486188643895412,0,1.87317000558011,0.0282859856928533,0.208130279557454,0.000267664337528468,0,0,0.602952747150476,0.136759531908187,0.029286266425008,0.0464865761205093,5.15230629522885,0,0.000102880597199894,0.00183399087019039,5.9968104426618,0.564000587172588,9.540943966012,0,0,0.0290473856897441,0.430109524734331,0,0.321100914124105,0.105218460882476,0.00886729510443637,0.0031510935620329,1.70888300373172,0,0,5.31570082723809e-05,0,0,5.00928677641789e-05,0,0,0,0,0,0,0,0,0,0,0,0,0,0,0,0,0,0,0,0,0,0,0,0,0,0,0,0,0,0,0,0,0,0,0,0,0,0,0.169168512423444,4.77406433187439e-05,7.75055962592896e-05,0
5.70014535251185,0,0,0,0.619403226462256,10.3024938989042,3.20915460895904,0,0,0.627462125745277,0,0.098540074630362,0,26.1011215461385,0.00546870062986506,0,0,0,0,0.00142043953851806,0.000437954916762129,0,0,0.009420112070791,0,0,0,0.0208170239598535,6.34375736481926,0.0776439444296135,0,0.614242165601258,0.65324880050871,0.495866718413308,0,0.012391362687812,0.00880701581649052,0.202897520536914,0.00495221712996027,0.635430353631521,0.552776095129245,0.00024828246766237,0,0,0,0,0,0,0,0,0,0,0,0,0,0,0,0,0,0,0,0,0,0,0,0,0,0,0,0,0,0,0,0,0,0,0,0,0,0,0,0,0,0,0.00206773256985646,0,0,0
0,0.0519098985285579,0.283408509103161,0,0,0.0191367615440839,0.0295531244126943,0,0,0.00259148252953288,0.0380983015806383,0.363878655303142,0.00188669904006962,0,0.236768506279068,0.58468373195945,0.0406496375608524,0,0.0257069247064564,0.00660770213617295,0.367377761499757,6.40275609181594,0.626204291453542,5.87191550369084,0.00440692193994159,0.0524163622087388,0.0938734730192372,0.459474173634736,0,0.10895565400858,0,0,0,0.199560657787077,0,4.473913904744,1.39247162047597,0.0203160583771176,0.00539964672211063,6.01625021443709,0,0,0.146633306712872,0,0,0,0,0,0,0,0,0,0,0,0,0,0,1.24730899006826,0,0,0,0,0,0,0,0,0,0,0,0,0.0199003214874498,0,0,0,0,0,0,0,0,0,0,0,0,0,0.319808321947361,0,0.000565486167425128,0
0.00382562883784389,0,9.51655987494306e-05,2.00599282917798,0,7.14618324167998,17.2548774337602,0.627462125745277,0.00259148252953288,0,0,3.48562859001711,0,0.154369810379867,0.000742729777787228,0.00063005724007488,0,0,0,11.2922251193692,0.00320714640149156,0.00221295793017285,0.00158247387019718,1.11322995294027,0,0,0,3.82087320585218,0,0.00691511218775009,0,0,0,0.0032749811393485,0,0.00799928265327765,0.00198458686349794,0,0,0.00505442131023991,0,0,0,0,0,0,0,0,0,0,0,0,0,0,0,0,0,0,0,0,0,0,0,0,0,0,0,0,0,0,0,0,0,0,0,0,0,0,0,0,0,0,0,0,0.00124600644244202,0,0,0
0,2.06081864360367,0.0197667607196363,0,0,0.00190041032696352,0,0,0.0380983015806383,0,0,0,21.372040507718,0,0,0.00274429604364874,0.0777833587180974,5.34975441122339,3.74302375223487,0,0.00198078609971644,1.39465822378609,0.00663427158401239,0.000742400394312789,1.85626159181745,5.3395767657846,2.21864991510743,0.000126137548296002,0.00191267335147051,0.000381281445733048,0.763497510998151,0,0,4.9467890164417,0,0.0305132830931733,9.60570439944359,3.52710031190617,0.193858541922597,0.000818540216234016,0.00115908349050552,2.37518302921623,0.000172362379040343,0.000644287454355824,0,0,0,0,0,0,0,0,0,0,0,0,0,0.00496995422731326,0,0,0,0.000789027533485989,0,0,0,0,0,0,0,0,0.0587747906400153,0,0,0.0158839405750843,0,0,0,0,0,0,0,0,0,0,0.0114825918241688,0,0,0
0.018920702898707,0,3.5198974326643e-05,1.6461945797692,0,4.04740913720142,0.486188643895412,0.098540074630362,0.363878655303142,3.48562859001711,0,0,0,0.00111694322807828,3.19155736128545,0.000583544761194356,0,0,0,45.8371165577484,0,0,0.000759044130498026,0.567396768102068,0,0,0,1.04806826348442,0.0122265272802352,0.0432266895042922,0,0,0,0.0110735744482753,0,1.06447505572183,0.0282783754451592,0.00631737127202435,0.00118316943749551,7.50319995445602,0,0,0.000654526685417101,0,0,0,0,0,0,0,0,0,0,0,0,0,0,0,0,0,0,0,0,0,0,0,0,0,0,0,0,0,0,0,0,0,0,0,0,0,0,0,0,0,0.38344256706574,0,0.00208639790382629,0
0,0.621727726925927,0.00286930344805993,0,0,0.000880344461284564,0,0,0.00188669904006962,0,21.372040507718,0,0,0.000664974187404323,0,0,0.0143397852074417,0.00636710121668637,0.219025517550295,0,0.000497240152236595,0.85442311668258,0.00110764655242675,0,9.68460488426315,3.31064261121771,1.25510425910519,0,0,0,5.95582100583353,0,0,0.64858039491005,0,0.664189670177592,5.94888447462526,0.897073126060857,0.163213488166872,0.00173208481420667,0.000892452369822952,4.62808538203259,0.164510462962908,0.13736188432804,0.0148400267707435,0.0191145414047994,0.00469566927134174,0.00707722404067494,0.0909384587052662,0,0,0,0,0,0,0,0,0.00292399631840085,0,0.0198001141239512,0,0.120765316756913,0,0,0,0.00274896612104741,0,0,0,0,0.0914711577133805,0,0,0.152275294352867,0.000400297098306412,0.000344698284875974,0,0,0,0,0,0,0.0143017421613312,0,0.00471791690438353,0.000143888898433697,0,0
12.9390553867551,0,0,0,0.264935077869461,1.71898368475139,1.87317000558011,26.1011215461385,0,0.154369810379867,0,0.00111694322807828,0.000664974187404323,0,0,0,0,0,0,0,0,0,0,0,0,0,0,0.000992264948890972,5.29159205733363,0.00974256402496977,0,1.25560061515924,0.162314793629491,0.146645025490462,0,0.00104205824862905,0.00114195759925438,0.0148737759617175,0.00276966758540664,0.0576612812321975,0.118007971793709,0,0,0,0,0,0,0,0,0,0,0,0,0,0,0,0,0,0,0,0,0,0,0,0,0,0,0,0,0,0,0,0,0,0,0,0,0,0,0,0,0,0,0,0,0,0,0
0.0232374436424398,0,0,0,0.769051129082035,0.709096174478235,0.0282859856928533,0.00546870062986506,0.236768506279068,0.000742729777787228,0,3.19155736128545,0,0,0,0,0,0,0,0,0,0,0.000152842858590579,0,0,0,0,0,0.0391833840196547,0.0276229286463139,0,0,0.00667503793923999,0.00610022429188672,0.0540169956383049,0.558693813971148,0.0535076855367742,0.00918236564724472,0.0124035145686483,78.0793449656464,0.00217221686842648,0,1.1327159359131,0.246258227736696,0.00718488536926631,0.0565765228991454,0.392196223621447,0.0296741874392046,0.00190834578110846,0,0,0,0,0.0303794506969284,0,0,0,0,0,0.00132591215696391,0,0,0,0.00814391261070137,0,0,0,0,0,0,0,0,0,0,0,0,0,0,0,0,0,0,0.00112282753753709,0.0117897509492813,1.19448440157076,2.44174198166639,0.0114964657316846,0.0179261076390105
0.00267974281190206,0.0163316529754684,0.273981882715295,0,0,0.0292515114306327,0.208130279557454,0,0.58468373195945,0.00063005724007488,0.00274429604364874,0.000583544761194356,0,0,0,0,0.0264309942040608,0,0.00315288641833967,0.0026216390618112,14.6055893871419,1.30502218483162,36.0910566439879,1.89878653790787,0.000933733381528745,0.0229673534991826,3.42573915158524,7.34868203115614,0.00576436599282374,1.94922266920535,0,0,0.00598127696519379,1.46407067599031,0,0.725250493073426,2.20690104413475,0.0155730870363006,0.00199337906252097,0.0317132272489136,3.69144602658127e-05,0,0.000970122939762354,0,0,0,0,0,0,0,0,0,0,0,0,0,0,0,0,0,0,0,0,0,0,0,0,0,0,0,0,0,0,0,0,0,0,0,0,0,0,0,0,0,0.962366717168787,0,0.000608648555423296,0
0,0.19065805083199,1.67179217887185,0,0,0,0.000267664337528468,0,0.0406496375608524,0,0.0777833587180974,0,0.0143397852074417,0,0,0.0264309942040608,0,0.00823820071243944,9.3324820945668,0,0.209889774945418,0.452045491008487,6.16510792942987,0.00856372847515649,0.0210356814169423,6.26523933947279,0.234024843492109,0.00671611442903688,0,0.112180162007417,0,0,0,0.249676546239683,0,0.294051720308821,0.358191464377213,0.114469924050222,0.0187937730397481,0.000157564362326077,0,0.00176987421684785,0.000427410375253433,0,0,0,0,0,0,0,0,0,0,0,0,0,0,0,0,0,0,0,0,0,0,0,0,0,0,0,0,0,0,0,0,0,0,0,0,0,0,0,0,0,0.433107605730759,0.000937200560167634,0.000577210401294831,0
0,0.0303133350561144,0,0,0,0,0,0,0,0,5.34975441122339,0,0.00636710121668637,0,0,0,0.00823820071243944,0,10.3804611398554,0,0,0.00241687048356904,0,0,0.0101731731502789,3.04005587326627,0.0177154159454759,0,0,0,0,0,0,0.00377876096903233,0,3.46297425819026e-05,0.00489300632233597,0,0,0,0,0,0,0,0,0,0,0,0,0,0,0,0,0,0,0,0,0,0,0,0,0,0,0,0,0,0,0,0,0,0,0,0,0,0,0,0,0,0,0,0,0,0,0,0.000322118831226985,0,0,0
0,0.888274291019823,0.102992737709147,0,0,0.000328665829911694,0,0,0.0257069247064564,0,3.74302375223487,0,0.219025517550295,0,0,0.00315288641833967,9.3324820945668,10.3804611398554,0,0,0.0103853277515075,0.674992520957052,0.0316070912956215,0.000783373690405105,0.128842515764757,10.9449654359781,1.0541535839367,0.00086599339344846,0,0.00309264733963718,0,0,0,0.430139798905595,0,0.0839702790619986,0.308400135915232,0.184876433065594,0.0265078274767056,0,0,0.00371085887767223,0.000372465814289263,0,0,0,0,0,0,0,0,0,0,0,0,0,0,0.00291333812547895,0,0,0,0,0,0,0,0,0,0,0,0,0.00470135472883034,0,0,0.0016618953701025,0,0,0,0,0,0,0,0,0,0,0.109953881680298,0,0.000164470492198422,0
0,0,0.00114982821183483,77.6631325521279,0,1.28210334818423,0.602952747150476,0.00142043953851806,0.00660770213617295,11.2922251193692,0,45.8371165577484,0,0,0,0.0026216390618112,0,0,0,0,0,0,0,3.84925593883314,0,0,0,2.77690589833761,0,0.00925333584647213,0,0,0,0,0,0.00321311805376788,0,0,0,0,0,0,0,0,0,0,0,0,0,0,0,0,0,0,0,0,0,0,0,0,0,0,0,0,0,0,0,0,0,0,0,0,0,0,0,0,0,0,0,0,0,0,0,0,0.000528514794683257,0,0,0
0,0.0176796216655248,0.890391091785479,0,0,0.0141434784533346,0.136759531908187,0.000437954916762129,0.367377761499757,0.00320714640149156,0.00198078609971644,0,0.000497240152236595,0,0,14.6055893871419,0.209889774945418,0,0.0103853277515075,0,0,1.06738546184586,9.00510395591959,0.662511963688347,0.000858312130548926,0.0463272843263894,0.0546002888175662,4.43783592018854,0.00112602610974101,11.6063421992505,0,0,0.00210764487117361,0.527413542815145,0,0.278601876741546,0.677322506284932,0.0125669524030009,0.00455542203266985,0.0130581894428506,0.00103452197793372,0,0.000384392085852909,0,0,0,0,0,0,0,0,0,0,0,0,0,0,0,0,0,0,0,0,0,0,0,0,0,0,0,0,0,0,0,0,0,0,0,0,0,0,0,0,0,0.24490128158859,0.000304588433607325,0.000764052909145832,0
0,5.51295547333221,2.17218252883894,0,0,0.00348507576837097,0.029286266425008,0,6.40275609181594,0.00221295793017285,1.39465822378609,0,0.85442311668258,0,0,1.30502218483162,0.452045491008487,0.00241687048356904,0.674992520957052,0,1.06738546184586,0,3.28762728781402,1.71875917414483,1.54999952163535,1.22165407065581,1.51029740130514,0.615639027334625,0.0011121667229712,0.234537700840846,0,0,0,2.96314635198026,0,1.54300394863396,4.37917474875385,0.92952796889237,0.122774372076588,0.00132914277531212,0.00538756374234422,0.0133462449214735,0.0838628485677805,0.0619011612541246,0.00397830619779135,0.0101429761091999,0,0,0.003009467274889,0,0.929476772272254,0.0214397886516299,0,0,0,0,0.000262897093632974,0.00319996573180163,0,0.0076578369903006,0,0.00680402797190642,0,0,0.000678917608249965,0.0235742306646904,0,0.0176112146978454,0,0.00242316721614576,0.0979813440864105,0.0029413514507132,0,0.654078962732115,0.199269047862812,0.156358845513566,0,0,0,0,0,8.18588984772602e-05,0.0126074055440316,0,1.7944054320083,0.0132202508296137,0.00383546838990748,0
0,0.0852152336336775,4.42906283387206,0,0,0.00534290885718137,0.0464865761205093,0,0.626204291453542,0.00158247387019718,0.00663427158401239,0.000759044130498026,0.00110764655242675,0,0.000152842858590579,36.0910566439879,6.16510792942987,0,0.0316070912956215,0,9.00510395591959,3.28762728781402,0,0.409141360586375,0.000895941825456908,0.264636068052859,4.23116827032521,0.274030478319852,0.00214382293969435,2.11566311906345,0,0,3.61958682889019e-05,1.33747546189363,0,1.08092153850272,2.30569084225811,0.0649553353395603,0.0147923698736791,0.00409428364974827,7.82816331415644e-05,0.00151933401181051,0.000667804901772473,2.61075720042686e-05,0,8.74499232035738e-05,0.000192555189395236,7.8022457921401e-05,0,0,0,0,0,0,0,0,0,0,0,0,0,0,0,0,0,0,0,0,0,0,0,0,0,0,0,0,0,0,0,0,0,0,0,0,0.861244559560052,3.18109895949886e-05,0.00314034822150357,0
0,0.00207151856663451,0.128236475869851,2.82094380947992,0,1.82623820295495,5.15230629522885,0.009420112070791,5.87191550369084,1.11322995294027,0.000742400394312789,0.567396768102068,0,0,0,1.89878653790787,0.00856372847515649,0,0.000783373690405105,3.84925593883314,0.662511963688347,1.71875917414483,0.409141360586375,0,0.000877397822160959,0.00884355111079171,0.0330197719181087,48.1175360636958,0.000977554683988247,0.36300861536296,0,0,0.00188361976420937,0.0781120588251743,0,0.171619359292672,0.50286847661428,0.00574414459465875,0.00123561369347485,0.00993214596036486,0,0,0.000319042050384682,0,0,0,0,0,0,0,0,0,0,0,0,0,0,0,0,0,0,0,0,0,0,0,0,0,0,0,0,0,0,0,0,0,0,0,0,0,0,0,0,0,0.105378333450097,0,0.000392623992251362,0
0,4.8805160456848,0.00388721128905416,0,0,0,0,0,0.00440692193994159,0,1.85626159181745,0,9.68460488426315,0,0,0.000933733381528745,0.0210356814169423,0.0101731731502789,0.128842515764757,0,0.000858312130548926,1.54999952163535,0.000895941825456908,0.000877397822160959,0,0.355270800980035,2.28189645951625,0,0,0,0.00190180548096532,0,0,0.140578757050165,0,0.00911207799140367,13.8636766086158,0.440630590916562,0.233523028361377,0.000162703758647926,0.00293277185659946,6.89461587561775,0.000420864376265984,0.238762408270335,0,0,0,0,0.170485849149199,0,0.0363290495851498,0,0,0,0,0,0,0.00500620550285619,0,0.015029384348078,0,0.16877318717843,0,0,0,0.00124272079118304,0,0,0,0,0.226630780679331,0,0,1.83985078888067,0.00157675925779854,5.00864789845287e-05,0,0,0,0,0,0,0,0,0.00563208428953195,0,0,0
0,1.25989385684184,8.07888438120783,0,0,0.000234153772509156,0.000102880597199894,0,0.0524163622087388,0,5.3395767657846,0,3.31064261121771,0,0,0.0229673534991826,6.26523933947279,3.04005587326627,10.9449654359781,0,0.0463272843263894,1.22165407065581,0.264636068052859,0.00884355111079171,0.355270800980035,0,9.74687464290603,0.0043023289261832,0,0.019342111718135,0.961954225743471,0,0,0.655903142734658,0,0.232415967713262,0.369474113943448,0.130433903637971,0.0231268720841446,1.01246973640734e-05,0,0,0.000566726896814402,0,0,0,0,0,0,0,0,0,0,0,0,0,0,0.00116302709848534,0,0,0,0,0,0,0,0,0,0,0,0,0.00229541536764966,0,0,0,0,0,0,0,0,0,0,0,0,0,0.180355537413052,0,0.000258815109936113,0
0,1.38180030209963,3.66941498972293,0,0,0.000205011533193088,0.00183399087019039,0,0.0938734730192372,0,2.21864991510743,0,1.25510425910519,0,0,3.42573915158524,0.234024843492109,0.0177154159454759,1.0541535839367,0,0.0546002888175662,1.51029740130514,4.23116827032521,0.0330197719181087,2.28189645951625,9.74687464290603,0,0.0139764060199801,0,0.019955349730878,0.67065143219657,0,0,0.728142517904478,0,0.402225110616512,0.678843845984703,0.124923285479917,0.0162778490264164,0.000693183637626221,0.000229748040809723,0.00242864098487949,0.000560652802022394,0.000341128809208929,0,0,1.96655893791825e-05,0,0,0,0,0,0,0,0,0,0,0.00152120871800712,0,0,0,0,0,0,0,0,0,0,0,0,0.00790760444406211,0,0,0.0182556102157702,0,0,0,0,0,0,0,0,0,0,0.286740882511645,0,0.000760819290697959,0
0.00274948680435479,0.0026158091943946,0.0436343355954502,20.5420556093404,0,1.43480051892583,5.9968104426618,0.0208170239598535,0.459474173634736,3.82087320585218,0.000126137548296002,1.04806826348442,0,0.000992264948890972,0,7.34868203115614,0.00671611442903688,0,0.00086599339344846,2.77690589833761,4.43783592018854,0.615639027334625,0.274030478319852,48.1175360636958,0,0.0043023289261832,0.0139764060199801,0,0.00924267905889199,2.21437142222907,0,0,0.00533640522621891,0.251546032844899,0,0.243567932821572,0.525413601765542,0.00621746757155395,0.00303000336544999,0.0631299611893827,0,0,4.86713218846671e-05,0,0,0,0,0,0,0,0,0,0,0,0,0,0,0,0,0,0,0,0,0,0,0,0,0,0,0,0,0,0,0,0,0,0,0,0,0,0,0,0,0,0.16882904887608,0,0.000756599403308088,0
15.9122771976918,0,0,0,0.755176717595563,8.25020654162858,0.564000587172588,6.34375736481926,0,0,0.00191267335147051,0.0122265272802352,0,5.29159205733363,0.0391833840196547,0.00576436599282374,0,0,0,0,0.00112602610974101,0.0011121667229712,0.00214382293969435,0.000977554683988247,0,0,0,0.00924267905889199,0,2.69607598842736,0,1.97817083409471,5.44082995270715,1.74743367128277,0,0.0591241139481952,0.0203408567865965,0.419152057406574,0.0200910338982539,5.71044620711205,1.22233755982898,0,5.48490298450124e-05,0,0,0,0,0,0,0,0,0,0,0,0,0,0,0,0,0,0,0,0,0,0,0,0,0,0,0,0,0,0,0,0,0,0,0,0,0,0,0,0,0,0.00693344579073881,0.000118372806171265,0.000583937314022329,0
3.5889224666727,0.00275923649940895,0.0955348037343067,0,0,1.1061664920895,9.540943966012,0.0776439444296135,0.10895565400858,0.00691511218775009,0.000381281445733048,0.0432266895042922,0,0.00974256402496977,0.0276229286463139,1.94922266920535,0.112180162007417,0,0.00309264733963718,0.00925333584647213,11.6063421992505,0.234537700840846,2.11566311906345,0.36300861536296,0,0.019342111718135,0.019955349730878,2.21437142222907,2.69607598842736,0,0,0,0.0551739113425733,1.82983502304843,0,0.627368227455791,0.538099230111105,0.0264417275629998,0.00474335223096624,2.15213970157951,0.00254077896259745,0,0.000117291194767622,3.70700064171543e-05,0,0,0,0,0,0,0,0,0,0,0,0,0,0,0,0,0,0,0,0,0,0,0,0,0,0,0,0,0,0,0,0,0,0,0,0,0,0,0,0,0.361462799803686,0.000158380764826965,0.00105335830317927,0
0,0,0,0,0,0,0,0,0,0,0.763497510998151,0,5.95582100583353,0,0,0,0,0,0,0,0,0,0,0,0.00190180548096532,0.961954225743471,0.67065143219657,0,0,0,0,0,0,0,0,0,0,0,0,0,0,0,0,0,0,0,0,0,0,0,0,0,0,0,0,0,0,0,0,0,0,0,0,0,0,0,0,0,0,0,0,0,0,0,0,0,0,0,0,0,0,0,0,0,0,0,0,0
0,0,0,0,14.9893770480616,2.46779149180953,0,0.614242165601258,0,0,0,0,0,1.25560061515924,0,0,0,0,0,0,0,0,0,0,0,0,0,0,1.97817083409471,0,0,0,0,0.27924610619494,0,0,0.00223572871737639,0.00518394051329918,0.00299130460679362,0.0152343214473575,3.30101182862482,0,0,0,0,0,0,0,0,0,0,0,0,0,0,0,0,0,0,0,0,0,0,0,0,0,0,0,0,0,0,0,0,0,0,0,0,0,0,0,0,0,0,0,0,0,0,0
0.0157414817792406,0,0.000136828183360965,0,0,1.30752520302971,0.0290473856897441,0.65324880050871,0,0,0,0,0,0.162314793629491,0.00667503793923999,0.00598127696519379,0,0,0,0,0.00210764487117361,0,3.61958682889019e-05,0.00188361976420937,0,0,0,0.00533640522621891,5.44082995270715,0.0551739113425733,0,0,0,1.48808622291281,0,0.469840370013498,0.00917107663039015,0.344365137114176,0.0564867485482985,8.33057307387609,0.187897049596427,0,0.0012160304229127,5.35339868586223e-05,0,0.000164322183989544,0,0,0,0,0,0,0,0,0,0,0,0,0,0,0,0,0,0,0,0,0,0,0,0,0,0,0,0,0,0,0,0,0,0,0,0,0,0,0.19999734708433,0.0016862225041001,0.000412928723926783,0
0.0042287465224633,1.49217712847922,1.52535475229963,0,0.679716605708697,1.50707774579107,0.430109524734331,0.495866718413308,0.199560657787077,0.0032749811393485,4.9467890164417,0.0110735744482753,0.64858039491005,0.146645025490462,0.00610022429188672,1.46407067599031,0.249676546239683,0.00377876096903233,0.430139798905595,0,0.527413542815145,2.96314635198026,1.33747546189363,0.0781120588251743,0.140578757050165,0.655903142734658,0.728142517904478,0.251546032844899,1.74743367128277,1.82983502304843,0,0.27924610619494,1.48808622291281,0,0.000670026716822892,21.7420702130179,15.4742879349668,45.2274380000524,5.31157441960985,9.73867223819228,4.04662581297583,0.860196028134019,0.0742693497162981,0.0261703973017495,0.00645087761744576,0.00793238051883337,0.00214287791440098,0.00127550490455628,0.0181820471633123,0,0,0.000727194266604302,0,2.66286759387831e-05,0,0,0,0.00114457490326277,0,0.0149302187350528,0,0.0469121840409101,0,0,0,0,0,0,0,0,0.00577012535218309,0,0,0.000865154277788549,0.0009023951067752,0,0,0,0,0,0,0,0.00390716670530186,0.000314849728193324,13.9476348153182,0.0252073568522749,0.0730060081424046,3.53136166329434e-05
0,0,0,0,0.0375511128453691,0,0,0,0,0,0,0,0,0,0.0540169956383049,0,0,0,0,0,0,0,0,0,0,0,0,0,0,0,0,0,0,0.000670026716822892,0,0.0851786012452379,0.0047858352871558,0.00104680148805065,0.00175348792554828,0.0775855567081302,0.000625385616152146,0,0.542597070645392,0.066465893124979,0.00217318900943469,0.0265568405634016,0.297548132417846,0.00681786774813574,0.000165689885454345,0,0,0,0,0.075628040040205,0.00010449842430114,0,0,0,0,0.000263495048495607,0,0,0,0.0279662419589874,0,0,0,0,0,0,0,0,0,0,9.06372446587929e-06,0,0,0,0,0,0,0,0.000909998987091863,2.07881729056594,0.0468144222701783,0.308268620009791,0.0532298123980933,4.37083237189846
0,0.199873768757062,1.46951105877771,0,0.0622206882191658,0.33942778127604,0.321100914124105,0.012391362687812,4.473913904744,0.00799928265327765,0.0305132830931733,1.06447505572183,0.664189670177592,0.00104205824862905,0.558693813971148,0.725250493073426,0.294051720308821,3.46297425819026e-05,0.0839702790619986,0.00321311805376788,0.278601876741546,1.54300394863396,1.08092153850272,0.171619359292672,0.00911207799140367,0.232415967713262,0.402225110616512,0.243567932821572,0.0591241139481952,0.627368227455791,0,0,0.469840370013498,21.7420702130179,0.0851786012452379,0,13.1933357306115,39.6833925148355,30.0483703781412,16.2737669949986,3.84232476328259,3.65968931045535,2.5417379943636,0.377339530349786,0.144440938700477,0.337285823401541,0.334196636502364,0.0787585769153779,0.0819834645388739,0,0.00194832678240409,0.0111861197354664,0,0.0070962288101224,3.74142174762622e-05,0,0,0.0138837298335369,0,0.0118012061083733,0,0.118617445930649,0,0.000980207582461455,0.000138320670823732,0.00891702223688912,0,0.000651621582630435,0,0.00140491386229856,0.00747294284686159,0.00355314161701914,1.7187384460369e-05,0.000497608988882878,0.00758394654025926,0.000423088294539463,2.3199463339999e-05,0,0,0,0,2.93027665508845e-05,0.101041939127657,0.0116040946379633,25.9667664878135,0.586679610416297,0.17248861576748,0.00127974557922791
0,0.792124623672355,1.45012382426754,0,0.00490805280982563,0.0336649627905007,0.105218460882476,0.00880701581649052,1.39247162047597,0.00198458686349794,9.60570439944359,0.0282783754451592,5.94888447462526,0.00114195759925438,0.0535076855367742,2.20690104413475,0.358191464377213,0.00489300632233597,0.308400135915232,0,0.677322506284932,4.37917474875385,2.30569084225811,0.50286847661428,13.8636766086158,0.369474113943448,0.678843845984703,0.525413601765542,0.0203408567865965,0.538099230111105,0,0.00223572871737639,0.00917107663039015,15.4742879349668,0.0047858352871558,13.1933357306115,0,33.8929103766202,11.5723992730332,0.862587980432804,1.07539291717337,9.25095741267313,0.0526926128437645,0.0349367503778341,0.00520787867453368,0.0275569833205692,0.0201285414932191,0.00549068401400322,0.00334819930375571,0,0,0,0,0.000288351965618298,0,0,0,0.00143783203331345,0,0.000659127254547982,0,0.00995726273254817,0,0,0,0,0,0.00237064911901924,0,0,0.00171591315317174,0,0,0.19477533955491,0,0,0,0,0,0,0,0,0.00115497754811629,0.000677420504895026,14.5808512485937,0.00896885522586986,0.0431996114792532,0
0.00129871867367794,0.455939852716599,0.0856410059986574,0,0.0126082743899566,0.399499962196567,0.00886729510443637,0.202897520536914,0.0203160583771176,0,3.52710031190617,0.00631737127202435,0.897073126060857,0.0148737759617175,0.00918236564724472,0.0155730870363006,0.114469924050222,0,0.184876433065594,0,0.0125669524030009,0.92952796889237,0.0649553353395603,0.00574414459465875,0.440630590916562,0.130433903637971,0.124923285479917,0.00621746757155395,0.419152057406574,0.0264417275629998,0,0.00518394051329918,0.344365137114176,45.2274380000524,0.00104680148805065,39.6833925148355,33.8929103766202,0,6.19778161591398,6.41233185011021,12.3847102313785,2.28571112466514,0.195227143489903,0.0289082227844233,0.000755519573456529,0.00575970815760427,0.00526119780334013,0.00116880673071221,0.00147376819071615,0,0,0,0,8.5097436188931e-05,0,0,0,0,0,0,0,0.00467966152316079,0,0,0,0,0,0,0,0,0.00212067997672641,3.30497371359112e-05,0,0.00302105170666422,0,0,0,0,0,0,0,0,6.61889194647433e-05,0.000240217809844567,33.1884873620814,0.111820138246628,0.100541013754637,0.000112104419930827
0,0.035522469235658,0.0207782889132718,0,0.00479716038306123,0.0318932261121598,0.0031510935620329,0.00495221712996027,0.00539964672211063,0,0.193858541922597,0.00118316943749551,0.163213488166872,0.00276966758540664,0.0124035145686483,0.00199337906252097,0.0187937730397481,0,0.0265078274767056,0,0.00455542203266985,0.122774372076588,0.0147923698736791,0.00123561369347485,0.233523028361377,0.0231268720841446,0.0162778490264164,0.00303000336544999,0.0200910338982539,0.00474335223096624,0,0.00299130460679362,0.0564867485482985,5.31157441960985,0.00175348792554828,30.0483703781412,11.5723992730332,6.19778161591398,0,1.4333369851655,3.36290962415957,3.17574530754352,0.258792790951263,0.0488853877682943,0.00435041377304945,0.0104845657783658,0.00878694533228233,0.00436806362067262,0.0117815578389998,0,0,0,0,0.000394277508481033,0,0,0,0,0,9.99194392712465e-05,0,0.00614360820130508,0,0,0,0,0,0,0,0,0,0,0,0.00508408551896211,0,0,0,0,0,0,0,0,0.00105150552423811,0.000194667851657204,36.708312578196,0.238268255586045,0.103318855916753,0
0.148166794888556,0,0.00172820991813415,0,20.382426447443,7.84969603961752,1.70888300373172,0.635430353631521,6.01625021443709,0.00505442131023991,0.000818540216234016,7.50319995445602,0.00173208481420667,0.0576612812321975,78.0793449656464,0.0317132272489136,0.000157564362326077,0,0,0,0.0130581894428506,0.00132914277531212,0.00409428364974827,0.00993214596036486,0.000162703758647926,1.01246973640734e-05,0.000693183637626221,0.0631299611893827,5.71044620711205,2.15213970157951,0,0.0152343214473575,8.33057307387609,9.73867223819228,0.0775855567081302,16.2737669949986,0.862587980432804,6.41233185011021,1.4333369851655,0,2.00135175295869,0.154712895577927,3.95762783613178,0.854060721357527,0.0195070531444874,0.134651133290133,0.377242361252564,0.0799448777642411,0.00515660080834141,0,0.000160143259402426,0.000957987634677574,0,0.0915092727245556,0,0,0,0,0,0.00350167380855745,0,0.00045174672120285,0,0.00145959164371704,0,0,0,0,0,0,5.57960081935993e-05,1.24394070588431e-05,2.44667509184913e-05,0,8.23219115677165e-05,1.55534914508152e-05,0,0,0,0,0,0,0.00444660520878146,0.0107459887796215,10.7689015420315,4.48267994019163,0.0730777818948185,0.0173295117151992
0,4.44752302359627e-05,0.000698840917576182,0,11.516700580696,3.75968128882256,0,0.552776095129245,0,0,0.00115908349050552,0,0.000892452369822952,0.118007971793709,0.00217221686842648,3.69144602658127e-05,0,0,0,0,0.00103452197793372,0.00538756374234422,7.82816331415644e-05,0,0.00293277185659946,0,0.000229748040809723,0,1.22233755982898,0.00254077896259745,0,3.30101182862482,0.187897049596427,4.04662581297583,0.000625385616152146,3.84232476328259,1.07539291717337,12.3847102313785,3.36290962415957,2.00135175295869,0,0.289358161668824,0.0917657175915618,0.021982867538769,0.000467755201712778,0.0031197432751592,0.00439984655677377,0.00345680812177235,0,0,0,0,0,0.000411887598378596,0,0,0,0,0,0.000324884497588324,0,0.00180839760781155,0,0,0,0,0,0,0,0,0,0,0,0,0,0,0,0,0,0,0,0,1.29027168735509e-05,0.000312959993934741,3.86496969099356,0.127714155096079,0.0136775850500986,0
0,0.0171929482501202,0.00154277072197295,0,0,0,0,0.00024828246766237,0,0,2.37518302921623,0,4.62808538203259,0,0,0,0.00176987421684785,0,0.00371085887767223,0,0,0.0133462449214735,0.00151933401181051,0,6.89461587561775,0,0.00242864098487949,0,0,0,0,0,0,0.860196028134019,0,3.65968931045535,9.25095741267313,2.28571112466514,3.17574530754352,0.154712895577927,0.289358161668824,0,0.0601360632274436,0.0736529860569917,0.010998545341881,0.0383061090258145,0.000404636081750537,0.0127341182918702,0.118086642167102,0,0,0,0,0,0,0,0,0,0,0.006223258929548,0,0.0470139671229287,0,0,0,0,0,0,0,0,0,0,0,0.0523935473851152,0.00105350292267371,0,0,0,0,0,0,0,0.00280782860217749,0,1.01168073394967,0.0719644913981349,0,0
0,0.000128964205220507,0.00299719089653815,0,0.250291471436195,6.27410006419425e-05,5.31570082723809e-05,0,0.146633306712872,0,0.000172362379040343,0.000654526685417101,0.164510462962908,0,1.1327159359131,0.000970122939762354,0.000427410375253433,0,0.000372465814289263,0,0.000384392085852909,0.0838628485677805,0.000667804901772473,0.000319042050384682,0.000420864376265984,0.000566726896814402,0.000560652802022394,4.86713218846671e-05,5.48490298450124e-05,0.000117291194767622,0,0,0.0012160304229127,0.0742693497162981,0.542597070645392,2.5417379943636,0.0526926128437645,0.195227143489903,0.258792790951263,3.95762783613178,0.0917657175915618,0.0601360632274436,0,20.476653677634,31.0585279441899,38.0306086245314,18.3572355162298,4.35581793896685,0.732259522184122,0.042511022181794,0.547141704090205,1.24207835972689,9.20008321244189e-05,0.192797891655063,0.251477248587837,0.0798743393740756,0.252663088323985,5.18595368312267,0.00659081428286667,0.180557197136165,0.119163630765591,0.331972578088225,0.00346471316797307,1.94315007752704,0.370736286593238,0.82875286064975,0.00112693209162612,0.0849848101423924,0.00524530674555748,0.526294152683991,3.08568035145957,0.715784713291854,1.42703435948212,0.0708738769612075,0.43062914326189,0.325279737441126,0.0837347878018228,0.0132200643587507,0.100254848215829,0,0,0.0465983293724294,23.7128361385106,0.179892447022828,0.297925937493732,17.7499842246089,0.00382055786099578,0.0133783251118873
0,0.00184108427318752,1.74756845273127e-05,0,0.0508281047007023,2.56576176294321e-05,0,0,0,0,0.000644287454355824,0,0.13736188432804,0,0.246258227736696,0,0,0,0,0,0,0.0619011612541246,2.61075720042686e-05,0,0.238762408270335,0,0.000341128809208929,0,0,3.70700064171543e-05,0,0,5.35339868586223e-05,0.0261703973017495,0.066465893124979,0.377339530349786,0.0349367503778341,0.0289082227844233,0.0488853877682943,0.854060721357527,0.021982867538769,0.0736529860569917,20.476653677634,0,10.08784948366,8.70969952594776,2.77873436779729,0.882585201984393,10.1583293973236,0.551199528658651,0.775813447880303,1.66090648990921,0,0.0380191274955505,0.22836045035391,0.237128786465102,0.263541597203054,0.0248699578166751,0.0170460581617995,5.17543975395978,0.0210690955930321,2.18748415241832,0.032485449830403,0.15466795885453,0.382453832215749,1.4609635750312,0.0396251150825506,1.01116298620983,0,0.373536528388706,2.13987941958204,0.837184402023586,0.0714662968864345,14.0712098592215,1.70302473937962,0.563694115140721,0.152142199832379,0.0838748585849796,0.505437110448752,0.00223862618318639,0,0.161165699830427,15.775522697784,0.0233142430981027,0.0335574518537864,13.2982532249581,2.57972721383892e-05,0.000225832245085726
0,0,0,0,0.00144336644379657,0,0,0,0,0,0,0,0.0148400267707435,0,0.00718488536926631,0,0,0,0,0,0,0.00397830619779135,0,0,0,0,0,0,0,0,0,0,0,0.00645087761744576,0.00217318900943469,0.144440938700477,0.00520787867453368,0.000755519573456529,0.00435041377304945,0.0195070531444874,0.000467755201712778,0.010998545341881,31.0585279441899,10.08784948366,0,8.47308279208105,6.45916241668251,5.81180706840673,3.34731305925079,0.0123237438604702,0.029126445871588,0.154025324710822,0,0.00357590772018429,0.108743375983353,0.00556728808173223,0.386139095086972,0.00417313108485906,0.000224893855590312,15.9290722952177,0.00269791074080325,0.396545014404575,0.0306481057170633,0.0166131243104594,0.00886243943568492,0.136104664047377,0.0101447737177583,0.135437609609677,0,0.0124598590071609,0.0740768498351339,0.0546980484693693,0.0102910362855695,0.49606711155519,0.173234265451501,0.0425206224896516,0.00325287565207219,0.255326136209928,0.0060560733671548,0,0.00354114067012298,0.172379515714389,38.5579523120939,0.000952588960276491,0.0499724668299642,17.5035989138131,7.36055478098366e-05,0.000645469188018328
0,0,0,0,0.00263277143666774,0,5.00928677641789e-05,0,0,0,0,0,0.0191145414047994,0,0.0565765228991454,0,0,0,0,0,0,0.0101429761091999,8.74499232035738e-05,0,0,0,0,0,0,0,0,0,0.000164322183989544,0.00793238051883337,0.0265568405634016,0.337285823401541,0.0275569833205692,0.00575970815760427,0.0104845657783658,0.134651133290133,0.0031197432751592,0.0383061090258145,38.0306086245314,8.70969952594776,8.47308279208105,0,2.59798931567649,5.11572333682927,4.66099258272982,0.0118727981104733,0.028419685558274,0.0980494967943568,0,0.0114243804541069,0.0108300795932772,0.00226138796247483,0.0266958205866202,0.00355082933704825,0,1.07393676339088,0.00349754924265874,0.0919687452598189,0.00403028532932683,0.0265613542791786,0.00751785435490441,0.183037036978644,0.00212804813872124,0.047133329124636,0,0.00622160158002883,0.0500201268636982,0.0267660970333748,0.00627088753367878,0.219900863244066,0.0713301640689101,0.021992273894915,0.00101258618197405,0.00918742219029008,0.00278579234428786,0,0,0.0376832175378124,3.27725258131838,0.00658992561276371,0.383283794386228,39.8531342821691,0.00265630457103316,0.0238190859183785
0,0,0,0,0.210581847949801,0,0,0,0,0,0,0,0.00469566927134174,0,0.392196223621447,0,0,0,0,0,0,0,0.000192555189395236,0,0,0,1.96655893791825e-05,0,0,0,0,0,0,0.00214287791440098,0.297548132417846,0.334196636502364,0.0201285414932191,0.00526119780334013,0.00878694533228233,0.377242361252564,0.00439984655677377,0.000404636081750537,18.3572355162298,2.77873436779729,6.45916241668251,2.59798931567649,0,4.0159829226762,0.0782709289021308,0.315245686299961,0.000534195756155527,0.0048355410711439,0.0038161066848541,15.3429874495222,7.19179251815299,0.352662255330954,2.96379533769595,4.10975834390959,0.019568985206927,0.0455345530110411,5.03349160805245,0.00546441398119447,0.288740737077859,74.5480146513875,0.411513714214268,0.00322808645253898,0,5.21554967237666e-05,0.00936238930707179,0.0448179807868802,0.100262587806156,0.028933973500216,2.86974950700777,0.00201351925936188,0.00264694294412217,0.00239348140324231,0.299721569429749,1.69560006146999,0.187944404277412,0,0.00166162355457904,4.04073110905766,7.59691695305995,0.0730434597282559,0.352323401920685,17.0370306222316,0.00453218022717139,0.0793944110268775
0,0,0,0,0.0138115667296355,0,0,0,0,0,0,0,0.00707722404067494,0,0.0296741874392046,0,0,0,0,0,0,0,7.8022457921401e-05,0,0,0,0,0,0,0,0,0,0,0.00127550490455628,0.00681786774813574,0.0787585769153779,0.00549068401400322,0.00116880673071221,0.00436806362067262,0.0799448777642411,0.00345680812177235,0.0127341182918702,4.35581793896685,0.882585201984393,5.81180706840673,5.11572333682927,4.0159829226762,0,0.242849467469796,0.000221725770133429,0.00216650550477054,0.00058039236193258,0,14.8564918666436,2.65451213732236,0.000345753363078437,1.63167188521542,0.000538462372624192,0,0.0906273229711927,0.000979802086520641,0.00413083823632843,0.0705128177373978,0.0752900133823085,0,0.00243152720790833,0,0,0,0,0,1.55256187107997e-05,0.00152455357537578,0.00313847100955009,0.000735485181956047,0.000972374348338301,0,0.407963768695548,0,0,2.26399912615987,0.009364160678362,3.35449470237738,0.00311512914576443,0.0816917515488967,6.3424289195339,0.00180121652941634,0.00573651998563271
0,0,0,0,0,0,0,0,0,0,0,0,0.0909384587052662,0,0.00190834578110846,0,0,0,0,0,0,0.003009467274889,0,0,0.170485849149199,0,0,0,0,0,0,0,0,0.0181820471633123,0.000165689885454345,0.0819834645388739,0.00334819930375571,0.00147376819071615,0.0117815578389998,0.00515660080834141,0,0.118086642167102,0.732259522184122,10.1583293973236,3.34731305925079,4.66099258272982,0.0782709289021308,0.242849467469796,0,0,0.0235513259015525,0.0266232068630887,0,0.00209772710100165,0,0,0,0,0,4.38574126253255,0,5.44416431052536,0,0,0,0.0894875658501104,0.00650215143048588,0.049638867572083,0,0.000715305210010776,0.0251583006429038,0.00661787697446433,0,19.2362055565159,0.0517248638017555,0.00838801557684414,0,0.000951096225847804,0,0,0,0,1.03809409109765,0.000181553060085495,0.00750301286103541,0.32156791911678,0,0
0,0,0,0,0,0,0,0,0,0,0,0,0,0,0,0,0,0,0,0,0,0,0,0,0,0,0,0,0,0,0,0,0,0,0,0,0,0,0,0,0,0,0.042511022181794,0.551199528658651,0.0123237438604702,0.0118727981104733,0.315245686299961,0.000221725770133429,0,0,0.000183705144466135,0,0,0,1.29242782339688,9.86517320357199,5.88997462492835,0.0052290479838347,0.00784256647768399,0,0.0186448437495981,0,12.7633411398209,0.0503877569640811,0.148764219619921,0.000782583706724349,0,0,0.00634367951339001,0.0122763716641866,0.0934000396979274,0.0241477429070841,0.0466402928961136,0,0.000199520879813807,0.00304814567905841,0.0386409324281898,21.6060747892173,2.47389474400921,0,0,2.88888954290355,0.411958581020956,0,0,0.0285886472391399,0,0
0,0.0293285670379156,0,0,0,0,0,0,0,0,0,0,0,0,0,0,0,0,0,0,0,0.929476772272254,0,0,0.0363290495851498,0,0,0,0,0,0,0,0,0,0,0.00194832678240409,0,0,0,0.000160143259402426,0,0,0.547141704090205,0.775813447880303,0.029126445871588,0.028419685558274,0.000534195756155527,0.00216650550477054,0.0235513259015525,0.000183705144466135,0,2.56224183886521,0,0,0.00452151054366955,0.0129831861647231,0.00245966943429017,0.00270374540103931,0.00145870208518864,0.0111368254104423,0.00161418599370697,0.00665269122353066,0,0,0.112427284763279,0.877535944065219,0,0.120982894208039,0,0.0621156148759278,6.82026006984465,0.226183980987781,0.00020577997122518,4.7796031882093,1.40387076706158,2.05139499449784,0.00404948799521562,0,0.0178189556990959,0,0,0,0.278384115962812,0,0,0.431531194985189,0,0
0,0,0,0,0,0,0,0,0,0,0,0,0,0,0,0,0,0,0,0,0,0.0214397886516299,0,0,0,0,0,0,0,0,0,0,0,0.000727194266604302,0,0.0111861197354664,0,0,0,0.000957987634677574,0,0,1.24207835972689,1.66090648990921,0.154025324710822,0.0980494967943568,0.0048355410711439,0.00058039236193258,0.0266232068630887,0,2.56224183886521,0,0,0,0.0232885804270021,0.0251056525551384,0.00466407621240367,0.00279772231133546,0.000543823088108922,0.0199261419988528,0.00414035799886295,0.00854619097819182,0,0,0.259683075964045,2.60259436286887,0,0.0564639355111606,0.000832093346285374,0.761845356224069,2.17177904396158,6.13747346088661,0.00525127754306597,0.0387043434435648,8.84668909552258,4.24587188462849,0.013936241796347,0.000173566252206855,0.172330024188781,0,0,0,1.46708300614401,0,0.00555339094473925,0.456728751758088,0,0
0,0,0,0.195240126790599,0,0,0,0,0,0,0,0,0,0,0,0,0,0,0,0,0,0,0,0,0,0,0,0,0,0,0,0,0,0,0,0,0,0,0,0,0,0,9.20008321244189e-05,0,0,0,0.0038161066848541,0,0,0,0,0,0,0,0.00464609209834009,0.218572609249546,0,0,13.4319530266771,0,1.14844082178903,0,0,0,0.00870324963847119,0,0,0,98.2680276491351,0,0,0.00113110535294713,1.31405883868218,0,0,0,7.09945600162696,0,0.000812179459986379,0,0,0,0,0,0,0.00397599454913958,0,0
0,0,0,0,0.0299516149684947,0,0,0,0,0,0,0,0,0,0.0303794506969284,0,0,0,0,0,0,0,0,0,0,0,0,0,0,0,0,0,0,2.66286759387831e-05,0.075628040040205,0.0070962288101224,0.000288351965618298,8.5097436188931e-05,0.000394277508481033,0.0915092727245556,0.000411887598378596,0,0.192797891655063,0.0380191274955505,0.00357590772018429,0.0114243804541069,15.3429874495222,14.8564918666436,0.00209772710100165,0,0,0,0,0,1.26949408959219,0,0.414810275285928,0,0,0.000617481699977281,0,0,0.012874110553423,2.5541467087184,0,0,0,0,0,0,0,0,0,0,0,0,0,0.0454333140227654,0,0,4.61655637435803,0,0.753291287035539,0.111214491302717,0.011980102300615,0.275237577945622,0.0141340588104637,0.0341860827226606
0,0,0,0,0,0,0,0,0,0,0,0,0,0,0,0,0,0,0,0,0,0,0,0,0,0,0,0,0,0,0,0,0,0,0.00010449842430114,3.74142174762622e-05,0,0,0,0,0,0,0.251477248587837,0.22836045035391,0.108743375983353,0.0108300795932772,7.19179251815299,2.65451213732236,0,1.29242782339688,0.00452151054366955,0.0232885804270021,0.00464609209834009,1.26949408959219,0,2.23200228802767,13.2774004862649,0.00865010393382178,10.305332059474,0.00199411008246463,3.04444399921171,0,1.03372193023501,1.26809551755489,0.529244834426901,0.011518157693976,0,0,0.137422401213677,0.0773014717337682,0.19963810960941,0.116977050320546,0.422989026401059,0,0.000701399331287015,0.0237848343390228,0.177417591834735,1.6619661698386,0.685060089058856,0,4.42004887655001,2.11696796888068,2.79885987914742,0,1.81904671926667e-05,0.186561245252907,0,0
0,0,0,0,0,0,0,0,0,0,0,0,0,0,0,0,0,0,0,0,0,0,0,0,0,0,0,0,0,0,0,0,0,0,0,0,0,0,0,0,0,0,0.0798743393740756,0.237128786465102,0.00556728808173223,0.00226138796247483,0.352662255330954,0.000345753363078437,0,9.86517320357199,0.0129831861647231,0.0251056525551384,0.218572609249546,0,2.23200228802767,0,2.57195260996076,0.0530294245738394,13.5863572869469,1.77266520632438e-05,2.36928417609137,0,1.04660551808666,0.0191411334463451,1.39240735710867,0.0187951021599116,0,0.000600748523936051,1.49987793073606,0.273206097799486,0.46839076167711,0.260183331961943,3.84778445515239,0,0.00207263173618848,0.0374137778363232,4.62282562976244,0.761095948234121,13.1025664323122,0,0,0.036003308309138,0.366306957915321,0,0,0.0427517580229744,0,0
0,0,0,0,0,0,0,0,0,0,0,0,0,0,0,0,0,0,0,0,0,0.000262897093632974,0,0,0,0,0,0,0,0,0,0,0,0,0,0,0,0,0,0,0,0,0.252663088323985,0.263541597203054,0.386139095086972,0.0266958205866202,2.96379533769595,1.63167188521542,0,5.88997462492835,0.00245966943429017,0.00466407621240367,0,0.414810275285928,13.2774004862649,2.57195260996076,0,0.00620551349347599,0.145713659392988,0.00360949328665642,0.366857013164957,0,14.1081847892319,0.16717254696519,0.17092012104238,0.00213249797041456,0,3.19184325471801e-05,0.00186967612677144,0.0194952127694028,0.104064770152413,0.0425554948764848,0.041823874250531,0,8.62899561390853e-05,0.00526678388922627,0.0566048468052927,7.00591099661826,0.238880042927087,0,4.3056789864013,0.960551500785739,5.39928308205324,1.48174258510114e-05,0,0.158274405872235,0,0
0,0,0,0,0,0,0,0,1.24730899006826,0,0.00496995422731326,0,0.00292399631840085,0,0,0,0,0,0.00291333812547895,0,0,0.00319996573180163,0,0,0.00500620550285619,0.00116302709848534,0.00152120871800712,0,0,0,0,0,0,0.00114457490326277,0,0.0138837298335369,0.00143783203331345,0,0,0,0,0,5.18595368312267,0.0248699578166751,0.00417313108485906,0.00355082933704825,4.10975834390959,0.000538462372624192,0,0.0052290479838347,0.00270374540103931,0.00279772231133546,0,0,0.00865010393382178,0.0530294245738394,0.00620551349347599,0,0.00131742037186778,0,0.582260260005247,0,0.000115524425140625,1.29765617538851,1.2896428555452,0.00529346130635676,0,0,0.00590640460440667,0.0583670200968171,12.891260567603,0.0756067605773879,18.3472303511483,0.0019428235551322,0,0.00301347646524613,0.130161282794704,0.0015845225338494,0.0188073670543757,0,0,0,0.0170927971647821,0,0,0.572298698176588,0,0
0,0,0,0,0,0,0,0,0,0,0,0,0,0,0,0,0,0,0,0,0,0,0,0,0,0,0,0,0,0,0,0,0,0,0,0,0,0,0,0,0,0,0.00659081428286667,0.0170460581617995,0.000224893855590312,0,0.019568985206927,0,0,0.00784256647768399,0.00145870208518864,0.000543823088108922,13.4319530266771,0,10.305332059474,13.5863572869469,0.145713659392988,0.00131742037186778,0,0,4.54983344209779,0,0.191761928852162,0,0.0857871900697383,0.00176636510629104,0,0,19.8778148422223,0.015418131201295,0.0507270458275054,0.0125430297601527,7.21729729737971,0,0.000833328240087389,0.00347579787469532,4.08849857993019,0.00471787601413648,0.0822517595517223,0,0,0.000217228475434735,0.0376091370371398,0,0,0.00204217396750385,0,0
0,0.00163678700402281,0,0,0,0,0,0,0,0,0,0,0.0198001141239512,0,0.00132591215696391,0,0,0,0,0,0,0.0076578369903006,0,0,0.015029384348078,0,0,0,0,0,0,0,0,0.0149302187350528,0.000263495048495607,0.0118012061083733,0.000659127254547982,0,9.99194392712465e-05,0.00350167380855745,0.000324884497588324,0.006223258929548,0.180557197136165,5.17543975395978,15.9290722952177,1.07393676339088,0.0455345530110411,0.0906273229711927,4.38574126253255,0,0.0111368254104423,0.0199261419988528,0,0.000617481699977281,0.00199411008246463,1.77266520632438e-05,0.00360949328665642,0,0,0,0,13.670613943149,0.000564438223649693,0.0005098164559031,0,0.137949433146544,4.61120571452466,5.88781596148091,0,0.00259763874284459,0.0223336094145631,0.0176732283761779,0,6.13225030575054,7.02575756058467,0.358130043179257,0,0.00250039153132361,0,0.582898110093618,0,0.000850956929532659,6.30365990952196,0,0.000272981327629249,0.048151994376649,0,0
0,0,0,0,0,0,0,0,0,0,0,0,0,0,0,0,0,0,0,0,0,0,0,0,0,0,0,0,0,0,0,0,0,0,0,0,0,0,0,0,0,0,0.119163630765591,0.0210690955930321,0.00269791074080325,0.00349754924265874,5.03349160805245,0.000979802086520641,0,0.0186448437495981,0.00161418599370697,0.00414035799886295,1.14844082178903,0,3.04444399921171,2.36928417609137,0.366857013164957,0.582260260005247,4.54983344209779,0,0,0,0.00253615965996253,2.81406401866012,0.382776544160753,0.00237497127691732,0,0,35.5005502861374,0.0620565048809736,0.0469339271635388,0.0356699064105412,4.44925833425841,0,0.000119773431806061,0.00340110155241658,0.737914218977959,0.00400732887488112,0.126117924495183,0,0,0.00424325371109407,0.0296735787802778,0,0,0.050381472914255,0,0
0,0,0,0,0,0,0,0,0,0,0.000789027533485989,0,0.120765316756913,0,0,0,0,0,0,0,0,0.00680402797190642,0,0,0.16877318717843,0,0,0,0,0,0,0,0,0.0469121840409101,0,0.118617445930649,0.00995726273254817,0.00467966152316079,0.00614360820130508,0.00045174672120285,0.00180839760781155,0.0470139671229287,0.331972578088225,2.18748415241832,0.396545014404575,0.0919687452598189,0.00546441398119447,0.00413083823632843,5.44416431052536,0,0.00665269122353066,0.00854619097819182,0,0,0,0,0,0,0,13.670613943149,0,0,0,0,0,0.0411394308888089,0.0128613595046264,0.277404391285819,0,0.00169132698286578,0.0145671091260229,0.00796442972296418,0,6.91883554734484,4.7750282041487,1.29939138717171,0,0,0,3.98168647336882,0,0,0.136867832908311,0,0.00158554372478859,0.0186458394869936,0,0
0,0,0,0,0,0,0,0,0,0,0,0,0,0,0,0,0,0,0,0,0,0,0,0,0,0,0,0,0,0,0,0,0,0,0,0,0,0,0,0,0,0,0.00346471316797307,0.032485449830403,0.0306481057170633,0.00403028532932683,0.288740737077859,0.0705128177373978,0,12.7633411398209,0,0,0,0.012874110553423,1.03372193023501,1.04660551808666,14.1081847892319,0.000115524425140625,0.191761928852162,0.000564438223649693,0.00253615965996253,0,0,0.0146463055563462,0.0134496056310838,0,0,0,0.000417995639938211,0.00105309357713994,0.00836657647338829,0.00220716237029352,0.00624046914502233,0,0,0.000107401163152191,0.00508423891208577,4.15637497613939,0.028720030210631,0,1.26801768901913,0.564207139944969,0.642610485941213,0,0,0.00146468046467641,0,0
0,0,0,0,0,0,0,0,0,0,0,0,0,0,0.00814391261070137,0,0,0,0,0,0,0,0,0,0,0,0,0,0,0,0,0,0,0,0.0279662419589874,0.000980207582461455,0,0,0,0.00145959164371704,0,0,1.94315007752704,0.15466795885453,0.0166131243104594,0.0265613542791786,74.5480146513875,0.0752900133823085,0,0.0503877569640811,0,0,0,2.5541467087184,1.26809551755489,0.0191411334463451,0.16717254696519,1.29765617538851,0,0.0005098164559031,2.81406401866012,0,0.0146463055563462,0,0.0245298859250327,0,0,0,0,0,0.00480987065251648,0.000940949192711482,0.110477161854359,0,0,5.86939521731735e-05,0.0223190173832087,0.0316524825480938,0.0167454208706942,0,0,0.148358791144621,0.0373163196696311,0.0917042708150194,0.00134719439947888,1.7892599768426,0.00952668135730671,0.0176795014717453
0,0,0,0,0,0,0,0,0,0,0,0,0,0,0,0,0,0,0,0,0,0.000678917608249965,0,0,0,0,0,0,0,0,0,0,0,0,0,0.000138320670823732,0,0,0,0,0,0,0.370736286593238,0.382453832215749,0.00886243943568492,0.00751785435490441,0.411513714214268,0,0,0.148764219619921,0.112427284763279,0.259683075964045,0.00870324963847119,0,0.529244834426901,1.39240735710867,0.17092012104238,1.2896428555452,0.0857871900697383,0,0.382776544160753,0,0.0134496056310838,0.0245298859250327,0,0.145396755432825,0,0,0.0332356504385859,10.0424174953744,2.72243056930595,23.1975261185241,2.03046615903468,0.00243456986790613,0.0100529603240134,2.51993432388986,7.11130099858823,0.0289542638151626,1.71094289957661,0,0,0.00625662748324482,0.839655255698525,0,0,0.288577728976223,0,0
0,0,0,0,0,0,0,0,0,0,0,0,0.00274896612104741,0,0,0,0,0,0,0,0,0.0235742306646904,0,0,0.00124272079118304,0,0,0,0,0,0,0,0,0,0,0.00891702223688912,0,0,0,0,0,0,0.82875286064975,1.4609635750312,0.136104664047377,0.183037036978644,0.00322808645253898,0.00243152720790833,0.0894875658501104,0.000782583706724349,0.877535944065219,2.60259436286887,0,0,0.011518157693976,0.0187951021599116,0.00213249797041456,0.00529346130635676,0.00176636510629104,0.137949433146544,0.00237497127691732,0.0411394308888089,0,0,0.145396755432825,0,0.00182476469983277,17.0077442177845,0,5.10919738250244,1.03518585749628,7.62608532667551,0.00165195308965662,0.222719912332493,6.45919322963194,0.41729732979585,0.0095177199924554,0.000305860467951266,0.287639560296943,0,0,0.00135480258332375,0.731133329416148,0,0.000453750635343638,0.349152780448549,0,0
0,0,0,0,0,0,0,0,0,0,0,0,0,0,0,0,0,0,0,0,0,0,0,0,0,0,0,0,0,0,0,0,0,0,0,0,0,0,0,0,0,0,0.00112693209162612,0.0396251150825506,0.0101447737177583,0.00212804813872124,0,0,0.00650215143048588,0,0,0,0,0,0,0,0,0,0,4.61120571452466,0,0.0128613595046264,0,0,0,0.00182476469983277,0,9.68928933096549,0,0,0.00145458810494332,0.000945403476019522,0,0.0130521719184134,3.91668498946748,0.00345928056617859,0,0,0,0,0,0,0.0112843232884906,0,0,0,0,0
0,0,0,0,0,0,0,0,0,0,0,0,0,0,0,0,0,0,0,0,0,0.0176112146978454,0,0,0,0,0,0,0,0,0,0,0,0,0,0.000651621582630435,0.00237064911901924,0,0,0,0,0,0.0849848101423924,1.01116298620983,0.135437609609677,0.047133329124636,5.21554967237666e-05,0,0.049638867572083,0,0.120982894208039,0.0564639355111606,0,0,0,0.000600748523936051,3.19184325471801e-05,0,0,5.88781596148091,0,0.277404391285819,0,0,0,17.0077442177845,9.68928933096549,0,0,0.0633917446635858,0.206916354442589,0.116099801717364,0,0.232217136302071,9.7825858081816,0.179097739002231,0,0,0.00173066341324346,0.000709924732731428,0,0,0.160383286898375,0,0,0.0315719143440333,0,0
0,0,0,0.00845936896212439,0,0,0,0,0,0,0,0,0,0,0,0,0,0,0,0,0,0,0,0,0,0,0,0,0,0,0,0,0,0,0,0,0,0,0,0,0,0,0.00524530674555748,0,0,0,0.00936238930707179,0,0,0.00634367951339001,0,0.000832093346285374,98.2680276491351,0,0.137422401213677,1.49987793073606,0.00186967612677144,0.00590640460440667,19.8778148422223,0,35.5005502861374,0,0.000417995639938211,0,0.0332356504385859,0,0,0,0,0.015452651569804,0.000996358105962318,0.00172896761321641,2.84069182941142,0,0,7.04231011235098e-05,0.475199447518193,0.00117293607090358,0.0209982849528135,0,0,0,0.00352875112107483,0,0,0.00672633525579461,0,0
0,0,0,0,0,0,0,0,0,0,0,0,0,0,0,0,0,0,0,0,0,0.00242316721614576,0,0,0,0,0,0,0,0,0,0,0,0,0,0.00140491386229856,0,0,0,0,0,0,0.526294152683991,0.373536528388706,0.0124598590071609,0.00622160158002883,0.0448179807868802,0,0.000715305210010776,0.0122763716641866,0.0621156148759278,0.761845356224069,0,0,0.0773014717337682,0.273206097799486,0.0194952127694028,0.0583670200968171,0.015418131201295,0.00259763874284459,0.0620565048809736,0.00169132698286578,0.00105309357713994,0,10.0424174953744,5.10919738250244,0,0.0633917446635858,0.015452651569804,0,0.446849932005726,15.6652407234601,0.420055248851145,0.00695324497306267,0.123394786200386,0.381938040491286,1.65710738381806,0.00439450284283261,8.19272171528688,0,0,0.000598214523502387,0.799927172369082,0,5.51400499617257e-05,0.271723271914906,0,0
0,0.222208998328431,0,0,0,0,0,0,0.0199003214874498,0,0.0587747906400153,0,0.0914711577133805,0,0,0,0,0,0.00470135472883034,0,0,0.0979813440864105,0,0,0.226630780679331,0.00229541536764966,0.00790760444406211,0,0,0,0,0,0,0.00577012535218309,0,0.00747294284686159,0.00171591315317174,0.00212067997672641,0,5.57960081935993e-05,0,0,3.08568035145957,2.13987941958204,0.0740768498351339,0.0500201268636982,0.100262587806156,0,0.0251583006429038,0.0934000396979274,6.82026006984465,2.17177904396158,0,0,0.19963810960941,0.46839076167711,0.104064770152413,12.891260567603,0.0507270458275054,0.0223336094145631,0.0469339271635388,0.0145671091260229,0.00836657647338829,0.00480987065251648,2.72243056930595,1.03518585749628,0.00145458810494332,0.206916354442589,0.000996358105962318,0.446849932005726,0,2.73771888677352,0.70696697430632,0.456979882769742,1.37889708677466,3.2401989002666,0.211907779167239,0.018801283110963,0.537748838206879,0,0,0.00171019832033174,2.00419476100975,0,0.00346469457696248,1.84492824127897,0,0
0,0,0,0,0,0,0,0,0,0,0,0,0,0,0,0,0,0,0,0,0,0.0029413514507132,0,0,0,0,0,0,0,0,0,0,0,0,0,0.00355314161701914,0,3.30497371359112e-05,0,1.24394070588431e-05,0,0,0.715784713291854,0.837184402023586,0.0546980484693693,0.0267660970333748,0.028933973500216,1.55256187107997e-05,0.00661787697446433,0.0241477429070841,0.226183980987781,6.13747346088661,0.00113110535294713,0,0.116977050320546,0.260183331961943,0.0425554948764848,0.0756067605773879,0.0125430297601527,0.0176732283761779,0.0356699064105412,0.00796442972296418,0.00220716237029352,0.000940949192711482,23.1975261185241,7.62608532667551,0.000945403476019522,0.116099801717364,0.00172896761321641,15.6652407234601,2.73771888677352,0,0.104401866581697,0.0220296736847945,0.344366422341929,4.33275764131864,0.812883056100182,0.00541950850209569,1.83045236502132,0,0,0.00256918551800406,2.86130470388213,0,0.000668586731877728,0.264817513704638,0,0
0,0,0,0,0,0,0,0,0,0,0,0,0,0,0,0,0,0,0,0,0,0,0,0,0,0,0,0,0,0,0,0,0,0,0,1.7187384460369e-05,0,0,0,2.44667509184913e-05,0,0,1.42703435948212,0.0714662968864345,0.0102910362855695,0.00627088753367878,2.86974950700777,0.00152455357537578,0,0.0466402928961136,0.00020577997122518,0.00525127754306597,1.31405883868218,0,0.422989026401059,3.84778445515239,0.041823874250531,18.3472303511483,7.21729729737971,0,4.44925833425841,0,0.00624046914502233,0.110477161854359,2.03046615903468,0.00165195308965662,0,0,2.84069182941142,0.420055248851145,0.70696697430632,0.104401866581697,0,0,0,0.00688382550557771,35.781148026355,0.00932796941568761,0.167222719346577,0,0,0.00506758935188224,0.0610646005083222,0,0,0.597922292547338,0,0
0,0.56669658999609,0,0,0,0,0,0,0,0,0.0158839405750843,0,0.152275294352867,0,0,0,0,0,0.0016618953701025,0,0,0.654078962732115,0,0,1.83985078888067,0,0.0182556102157702,0,0,0,0,0,0,0.000865154277788549,0,0.000497608988882878,0.19477533955491,0.00302105170666422,0.00508408551896211,0,0,0.0523935473851152,0.0708738769612075,14.0712098592215,0.49606711155519,0.219900863244066,0.00201351925936188,0.00313847100955009,19.2362055565159,0,4.7796031882093,0.0387043434435648,0,0,0,0,0,0.0019428235551322,0,6.13225030575054,0,6.91883554734484,0,0,0.00243456986790613,0.222719912332493,0.0130521719184134,0.232217136302071,0,0.00695324497306267,0.456979882769742,0.0220296736847945,0,0,0.669539600250668,0.277492597774582,0,0,0.00171871509351929,0,0,0,0.183144830833517,0,0.000205984314139852,0.0364578288467199,0,0
0,0,0,0,0,0,0,0,0,0,0,0,0.000400297098306412,0,0,0,0,0,0,0,0,0.199269047862812,0,0,0.00157675925779854,0,0,0,0,0,0,0,0,0.0009023951067752,9.06372446587929e-06,0.00758394654025926,0,0,0,8.23219115677165e-05,0,0.00105350292267371,0.43062914326189,1.70302473937962,0.173234265451501,0.0713301640689101,0.00264694294412217,0.000735485181956047,0.0517248638017555,0.000199520879813807,1.40387076706158,8.84668909552258,0,0,0.000701399331287015,0.00207263173618848,8.62899561390853e-05,0,0.000833328240087389,7.02575756058467,0.000119773431806061,4.7750282041487,0,0,0.0100529603240134,6.45919322963194,3.91668498946748,9.7825858081816,0,0.123394786200386,1.37889708677466,0.344366422341929,0,0.669539600250668,0,10.6921196623033,0.000666251184865137,0,0.00316021178796015,1.2638575867094,0,0,0.598363301158313,0,0.000780953703275127,0.101857787133471,0,0
0,0.000192696110899032,0,0,0,0,0,0,0,0,0,0,0.000344698284875974,0,0,0,0,0,0,0,0,0.156358845513566,0,0,5.00864789845287e-05,0,0,0,0,0,0,0,0,0,0,0.000423088294539463,0,0,0,1.55534914508152e-05,0,0,0.325279737441126,0.563694115140721,0.0425206224896516,0.021992273894915,0.00239348140324231,0.000972374348338301,0.00838801557684414,0.00304814567905841,2.05139499449784,4.24587188462849,0,0,0.0237848343390228,0.0374137778363232,0.00526678388922627,0.00301347646524613,0.00347579787469532,0.358130043179257,0.00340110155241658,1.29939138717171,0.000107401163152191,5.86939521731735e-05,2.51993432388986,0.41729732979585,0.00345928056617859,0.179097739002231,7.04231011235098e-05,0.381938040491286,3.2401989002666,4.33275764131864,0.00688382550557771,0.277492597774582,10.6921196623033,0,0.0600633774873079,0.000905477735217593,0.518145877239688,0.928084361177049,0,0.000401252656456443,0.513810599122975,0,0.000140907696594355,0.10134839545435,0,0
0,0,0,0,0,0,0,0,0,0,0,0,0,0,0,0,0,0,0,0,0,0,0,0,0,0,0,0,0,0,0,0,0,0,0,2.3199463339999e-05,0,0,0,0,0,0,0.0837347878018228,0.152142199832379,0.00325287565207219,0.00101258618197405,0.299721569429749,0,0,0.0386409324281898,0.00404948799521562,0.013936241796347,7.09945600162696,0,0.177417591834735,4.62282562976244,0.0566048468052927,0.130161282794704,4.08849857993019,0,0.737914218977959,0,0.00508423891208577,0.0223190173832087,7.11130099858823,0.0095177199924554,0,0,0.475199447518193,1.65710738381806,0.211907779167239,0.812883056100182,35.781148026355,0,0.000666251184865137,0.0600633774873079,0,0.00830503390596704,1.44907581585295,0,0,0.00168232974057845,0.190221527008208,0,0,0.0425695480340346,0,0
0,0,0,0,0,0,0,0,0,0,0,0,0,0,0,0,0,0,0,0,0,0,0,0,0,0,0,0,0,0,0,0,0,0,0,0,0,0,0,0,0,0,0.0132200643587507,0.0838748585849796,0.255326136209928,0.00918742219029008,1.69560006146999,0.407963768695548,0.000951096225847804,21.6060747892173,0,0.000173566252206855,0,0.0454333140227654,1.6619661698386,0.761095948234121,7.00591099661826,0.0015845225338494,0.00471787601413648,0.00250039153132361,0.00400732887488112,0,4.15637497613939,0.0316524825480938,0.0289542638151626,0.000305860467951266,0,0,0.00117293607090358,0.00439450284283261,0.018801283110963,0.00541950850209569,0.00932796941568761,0,0,0.000905477735217593,0.00830503390596704,0,0.51693387660391,0,2.4634392930788,7.58475944071328,3.17403805152906,0,0,0.00523492915734125,0,0
0,0,0,0,0,0,0,0,0,0,0,0,0,0,0,0,0,0,0,0,0,0,0,0,0,0,0,0,0,0,0,0,0,0,0,0,0,0,0,0,0,0,0.100254848215829,0.505437110448752,0.0060560733671548,0.00278579234428786,0.187944404277412,0,0,2.47389474400921,0.0178189556990959,0.172330024188781,0.000812179459986379,0,0.685060089058856,13.1025664323122,0.238880042927087,0.0188073670543757,0.0822517595517223,0,0.126117924495183,0,0.028720030210631,0.0167454208706942,1.71094289957661,0.287639560296943,0,0.00173066341324346,0.0209982849528135,8.19272171528688,0.537748838206879,1.83045236502132,0.167222719346577,0.00171871509351929,0.00316021178796015,0.518145877239688,1.44907581585295,0.51693387660391,0,0,0,0.0865917232701929,1.28461332769361,0,0,0.0489707655235545,0,0
0,0,0,0,0,0,0,0,0,0,0,0,0,0,0,0,0,0,0,0,0,0,0,0,0,0,0,0,0,0,0,0,0,0,0,0,0,0,0,0,0,0,0,0.00223862618318639,0,0,0,0,0,0,0,0,0,0,0,0,0,0,0,0.582898110093618,0,3.98168647336882,0,0,0,0,0,0.000709924732731428,0,0,0,0,0,0,1.2638575867094,0.928084361177049,0,0,0,0,0,0,0,0,0,0,0,0
0,0,0,0,0,0,0,0,0,0,0,0,0,0,0,0,0,0,0,0,0,0,0,0,0,0,0,0,0,0,0,0,0,0,0,0,0,0,0,0,0,0,0,0,0.00354114067012298,0,0.00166162355457904,2.26399912615987,0,0,0,0,0,4.61655637435803,4.42004887655001,0,4.3056789864013,0,0,0,0,0,1.26801768901913,0,0,0,0,0,0,0,0,0,0,0,0,0,0,2.4634392930788,0,0,0,0,0.353113327300972,0,0,0,0,0
0,0,0,0,0,0,0,0,0,0,0,0,0,0,0,0,0,0,0,0,0,8.18588984772602e-05,0,0,0,0,0,0,0,0,0,0,0,0,0,2.93027665508845e-05,0,0,0,0,0,0,0.0465983293724294,0.161165699830427,0.172379515714389,0.0376832175378124,4.04073110905766,0.009364160678362,0,2.88888954290355,0,0,0,0,2.11696796888068,0.036003308309138,0.960551500785739,0,0.000217228475434735,0.000850956929532659,0.00424325371109407,0,0.564207139944969,0.148358791144621,0.00625662748324482,0.00135480258332375,0,0,0,0.000598214523502387,0.00171019832033174,0.00256918551800406,0.00506758935188224,0,0,0.000401252656456443,0.00168232974057845,7.58475944071328,0.0865917232701929,0,0,0,0.700905280630109,0,0,0.0810079410185574,0,0
0,0,0,0,7.50106968568983e-05,0,0,0,0,0,0,0,0.0143017421613312,0,0.00112282753753709,0,0,0,0,0,0,0.0126074055440316,0,0,0,0,0,0,0,0,0,0,0,0.00390716670530186,0.000909998987091863,0.101041939127657,0.00115497754811629,6.61889194647433e-05,0.00105150552423811,0.00444660520878146,1.29027168735509e-05,0.00280782860217749,23.7128361385106,15.775522697784,38.5579523120939,3.27725258131838,7.59691695305995,3.35449470237738,1.03809409109765,0.411958581020956,0.278384115962812,1.46708300614401,0,0.753291287035539,2.79885987914742,0.366306957915321,5.39928308205324,0.0170927971647821,0.0376091370371398,6.30365990952196,0.0296735787802778,0.136867832908311,0.642610485941213,0.0373163196696311,0.839655255698525,0.731133329416148,0.0112843232884906,0.160383286898375,0.00352875112107483,0.799927172369082,2.00419476100975,2.86130470388213,0.0610646005083222,0.183144830833517,0.598363301158313,0.513810599122975,0.190221527008208,3.17403805152906,1.28461332769361,0,0.353113327300972,0.700905280630109,0,0.000229373584947617,0.0110948652475569,14.5299488257404,0,0
0,0,0,0,0.00665870178690481,0,0,0,0,0,0,0,0,0,0.0117897509492813,0,0,0,0,0,0,0,0,0,0,0,0,0,0,0,0,0,0,0.000314849728193324,2.07881729056594,0.0116040946379633,0.000677420504895026,0.000240217809844567,0.000194667851657204,0.0107459887796215,0.000312959993934741,0,0.179892447022828,0.0233142430981027,0.000952588960276491,0.00658992561276371,0.0730434597282559,0.00311512914576443,0.000181553060085495,0,0,0,0,0.111214491302717,0,0,1.48174258510114e-05,0,0,0,0,0,0,0.0917042708150194,0,0,0,0,0,0,0,0,0,0,0,0,0,0,0,0,0,0,0.000229373584947617,0,0.0062801052471876,0.107277287786443,2.68459672851414,0.117676541976565
0,0.37912257680436,1.47478215694592,0,0.0772455922129123,0.129734768801228,0.169168512423444,0.00206773256985646,0.319808321947361,0.00124600644244202,0.0114825918241688,0.38344256706574,0.00471791690438353,0,1.19448440157076,0.962366717168787,0.433107605730759,0.000322118831226985,0.109953881680298,0.000528514794683257,0.24490128158859,1.7944054320083,0.861244559560052,0.105378333450097,0.00563208428953195,0.180355537413052,0.286740882511645,0.16882904887608,0.00693344579073881,0.361462799803686,0,0,0.19999734708433,13.9476348153182,0.0468144222701783,25.9667664878135,14.5808512485937,33.1884873620814,36.708312578196,10.7689015420315,3.86496969099356,1.01168073394967,0.297925937493732,0.0335574518537864,0.0499724668299642,0.383283794386228,0.352323401920685,0.0816917515488967,0.00750301286103541,0,0,0.00555339094473925,0,0.011980102300615,1.81904671926667e-05,0,0,0,0,0.000272981327629249,0,0.00158554372478859,0,0.00134719439947888,0,0.000453750635343638,0,0,0,5.51400499617257e-05,0.00346469457696248,0.000668586731877728,0,0.000205984314139852,0.000780953703275127,0.000140907696594355,0,0,0,0,0,0,0.0110948652475569,0.0062801052471876,0,0.0940974576169014,0.0841441048170983,3.2331226683259e-05
0,0.00132655632320047,0,0,0.341513234277901,0,4.77406433187439e-05,0,0,0,0,0,0.000143888898433697,0,2.44174198166639,0,0.000937200560167634,0,0,0,0.000304588433607325,0.0132202508296137,3.18109895949886e-05,0,0,0,0,0,0.000118372806171265,0.000158380764826965,0,0,0.0016862225041001,0.0252073568522749,0.308268620009791,0.586679610416297,0.00896885522586986,0.111820138246628,0.238268255586045,4.48267994019163,0.127714155096079,0.0719644913981349,17.7499842246089,13.2982532249581,17.5035989138131,39.8531342821691,17.0370306222316,6.3424289195339,0.32156791911678,0.0285886472391399,0.431531194985189,0.456728751758088,0.00397599454913958,0.275237577945622,0.186561245252907,0.0427517580229744,0.158274405872235,0.572298698176588,0.00204217396750385,0.048151994376649,0.050381472914255,0.0186458394869936,0.00146468046467641,1.7892599768426,0.288577728976223,0.349152780448549,0,0.0315719143440333,0.00672633525579461,0.271723271914906,1.84492824127897,0.264817513704638,0.597922292547338,0.0364578288467199,0.101857787133471,0.10134839545435,0.0425695480340346,0.00523492915734125,0.0489707655235545,0,0,0.0810079410185574,14.5299488257404,0.107277287786443,0.0940974576169014,0,0.000555361602223976,0.00355326601119893
0,0.00060389660716407,0.00322278137985114,0,0.000888002461631649,0.0014389081252153,7.75055962592896e-05,0,0.000565486167425128,0,0,0.00208639790382629,0,0,0.0114964657316846,0.000608648555423296,0.000577210401294831,0,0.000164470492198422,0,0.000764052909145832,0.00383546838990748,0.00314034822150357,0.000392623992251362,0,0.000258815109936113,0.000760819290697959,0.000756599403308088,0.000583937314022329,0.00105335830317927,0,0,0.000412928723926783,0.0730060081424046,0.0532298123980933,0.17248861576748,0.0431996114792532,0.100541013754637,0.103318855916753,0.0730777818948185,0.0136775850500986,0,0.00382055786099578,2.57972721383892e-05,7.36055478098366e-05,0.00265630457103316,0.00453218022717139,0.00180121652941634,0,0,0,0,0,0.0141340588104637,0,0,0,0,0,0,0,0,0,0.00952668135730671,0,0,0,0,0,0,0,0,0,0,0,0,0,0,0,0,0,0,0,2.68459672851414,0.0841441048170983,0.000555361602223976,0,0.00834960879323658
0,0,0,0,0.0160564500940676,0,0,0,0,0,0,0,0,0,0.0179261076390105,0,0,0,0,0,0,0,0,0,0,0,0,0,0,0,0,0,0,3.53136166329434e-05,4.37083237189846,0.00127974557922791,0,0.000112104419930827,0,0.0173295117151992,0,0,0.0133783251118873,0.000225832245085726,0.000645469188018328,0.0238190859183785,0.0793944110268775,0.00573651998563271,0,0,0,0,0,0.0341860827226606,0,0,0,0,0,0,0,0,0,0.0176795014717453,0,0,0,0,0,0,0,0,0,0,0,0,0,0,0,0,0,0,0,0.117676541976565,3.2331226683259e-05,0.00355326601119893,0.00834960879323658,0
