0,0,0.00881877838569474,0,0,9.56042633103315,8.69996607034967,4.83375506213987,0.22127348551121,0.00404008675498863,0,0.609216666436151,0,5.33506658653521,2.71162536016066,0.0970098031510067,0.00129048394783962,0,0,0.000643603336067257,0.0451428439429021,0.187625288343017,0.0410623968288889,0.423810576324918,0,0.00178667162377666,0.000982599964660436,1.41199903911789,23.0798608941233,3.53060662071555,0,0,1.52739456597356,0.435055565722742,0,0.537342779708434,0.140867551956886,0.0494508496434016,0.00615945811592981,19.0576399446491,0.0134161015831774,0,0.00197702605046333,0,0,0,0,0,0,0,0,0,0,0,0,0,0,0,0,0,0,0,0,0,0,0,0,0,0,0,0,0,0,0,0,0,0,0,0,0,0,0,0,0,0.449996331726459,0.00118468072993882,0,0
0,0,4.5488121289206,0,0,0,0.000729923270102037,0,1.02240525941339,0,0.778735865503026,0,0.116904380265481,0,0,0.0502145617506783,1.55874990553032,0.00114315646101704,0.641334214364099,0,0.0601437637036845,6.39166483048246,0.348285790297449,0.015429354402318,3.66298693809737,1.0644916701164,3.14185755755082,0.0102062766176442,0,0.0388555187323061,0.00334440903516867,0,0,0.711857265940096,0,0.246886289611211,1.23393843999002,0.75088923411057,0.0744573266676347,0.00247563785765922,0.00489074204857229,0.0209710634434116,0.0106324560066808,0.00686709076736883,0,0,0,0,0.00609041960433554,0,0.121545991252174,0.000300369625323166,0,0,0,0,0,0.0747062557775574,0,0,0,0.00146882961811201,0,0,0,0,0,0,0,0,0.965129815368104,0,0,0.10816667347362,0,0,0,0,0,0,0,0,0,0,0.394443388491641,0.00705167521250865,0,0
0.00881877838569474,4.5488121289206,0,0,0,0.00310191302703267,0.0260578252568672,0.000313908530784639,1.76498694550421,0.00221707423162134,0.118396459289049,0.00684492730669618,0.0179042569373021,3.5587834633654e-05,0,0.366376707116874,0.861192969856691,0,0.147994426302645,0,0.232350476388564,8.12480109789021,6.24903564995226,0.151350023722139,0.0611177131666151,8.30978823802529,6.42638345632626,0.11811382415612,0.00391675972883661,0.211407347239681,0,0,0,2.09193851217454,1.19271637618221e-05,1.62421942860398,3.13617079932056,2.08793591535628,0.389037236724493,0.00499079948604857,0.0178238656973296,0.0357193033240013,0.113152858607259,0.00182361331995037,0,0,0,0,0,0,0.00111683408174221,0,0,0,0,0,0,0.0107818279901299,0,0,0,0,0,0,0,0,0,0,0,0,0.0534999000239431,0,0,0.00345675754484631,0.000609559797002945,0,0,0,0,0,0,0,0,0,1.55733738950592,0.0198649683087049,0,0
0,0,0,0,0,0.0868212152720961,0.148280334554808,0,0.0419934448284183,9.39268347246438,0,0.0868661033014727,0,0,0,0,0,0,0,65.8217226101013,0,0.00106823574676551,0.00110866024435271,2.32564703914891,0,0,0,29.6991802839765,0,0.000464831754723172,0,0,0,0.00036478851083252,0,0.00176434555214699,0.00180571771593063,0,0,0,0,0,0,0,0,0,0,0,0,0,0,0,0,0,0,0,0,0,0,0,0,0,0,0,0,0,0,0,0,0,0,0,0,0,0,0,0,0,0,0,0,0,0,0,0,0,0,0
0,0,0,0,0,1.25667243156318,0,0.817000466024576,0,0,0,0,0,0.37656343547919,7.15951285224254,0,0,0,0,0,0,0,0,0,0,0,0,0,1.66872398433959,0,0,4.68314610250466,0.374204515887792,0.494853923346493,0,0,0,0.0266753334083278,0,16.9992787115487,12.0922324133946,0,0,0,0,0,0,0,0,0,0,0,0,0,0,0,0,0,0,0,0,0,0,0,0,0,0,0,0,0,0,0,0,0,0,0,0,0,0,0,0,0,0,0,0,0,0,0
9.56042633103315,0,0.00310191302703267,0.0868212152720961,1.25667243156318,0,4.46769536260675,15.6510742695856,0.116499499998771,8.744475683804,0,10.8455416823128,0,8.68910763147101,0.516610012717315,0.00764573398665602,0,0,0,3.15987160171625,0.00622766887505679,0.0119150824828076,0.00748855336271214,1.43372549833278,0,0.000269790201088907,2.12595770602911e-05,1.79737471100309,6.79290690161854,0.162334171034319,0,2.90082138741316,1.20331560012107,1.18881168847557,0,0.0424716594041311,0.0587543218902005,0.253823348198099,0.000707377480152344,3.03892424222199,1.17784283031807,0,0.00144428512354013,0,0,0,0,0,0,0,0,0,0,0,0,0,0,0,0,0,0,0,0,0,0,0,0,0,0,0,0,0,0,0,0,0,0,0,0,0,0,0,0,0,0.0224884898034749,0,0,0
8.69996607034967,0.000729923270102037,0.0260578252568672,0.148280334554808,0,4.46769536260675,0,2.48828552143011,0.536371742365093,10.226626942245,0.000953312433552705,1.64556308846471,0,0.479701458484488,0.0177363054813257,0.0328096870591418,0.00155548530476762,0,0.000386068513615889,2.466580297966,0.0597935688409001,0.0753313867447387,0.0537922109332247,3.24592429928707,0,0.00188461998420893,0.00473835581613929,4.98739843857965,0.311330700293373,11.8229020495797,0,0,0.0223395132492503,0.239188711910698,0,0.267731261757404,0.333607666768496,0.0157558209649401,0.0027886486227858,0.515250253471307,0,0,0.00177768329588172,0,0,0,0,0,0,0,0,0,0,0,0,0,0,0,0,0,0,0,0,0,0,0,0,0,0,0,0,0,0,0,0,0,0,0,0,0,0,0,0,0,0.126535061900378,3.20502038890294e-05,0,0
4.83375506213987,0,0.000313908530784639,0,0.817000466024576,15.6510742695856,2.48828552143011,0,0.0127103768143893,0.69134567692106,0,1.02579735524784,0,39.8798990829458,0.498352525738499,0.00232786053104424,0,0,0,0.0136081913793611,0.000389295892554396,0.00131162165347878,0.00073621419574053,0.125362164891895,0,0,0,0.221529777969952,3.18250858986263,0.024540629840771,0,0.833307272552183,0.221972266164804,0.305904882729487,0,0.0160704843392028,0.0120872277481353,0.0548632894591466,0,0.706954983216033,0.280614685198788,0,0,0,0,0,0,0,0,0,0,0,0,0,0,0,0,0,0,0,0,0,0,0,0,0,0,0,0,0,0,0,0,0,0,0,0,0,0,0,0,0,0,0,0.00395546203419539,0.000173624593146751,0,0
0.22127348551121,1.02240525941339,1.76498694550421,0.0419934448284183,0,0.116499499998771,0.536371742365093,0.0127103768143893,0,0.0283245239135569,0.334069012587129,0.630247798783836,0.0690195523821907,0,1.2056379196578,1.46049634371383,0.296558006155774,0.00202986708629672,0.171420350146361,0.0205216870292179,1.03301649667212,9.3045119227839,1.67378650287708,8.76347448664781,0.300264712681076,0.183373259354158,0.345501604382894,2.66003474482746,0.0749575852131814,1.56911114413761,0.00208768320121576,0,0,1.15419504430566,5.24938431373346e-06,13.6115929243386,8.69361170674604,1.77658896563533,0.223263085609457,9.15168274932096,0.00417043432887341,0.0487016797962568,0.350157178047891,0.153944954311941,0.0160757666003839,0.0126977758317815,0.000228533057114582,0,0.00400023671454802,0,0.951686500440773,0.131314871935221,0,0,0.000738568456980278,0.0014355012877262,0.000638962839841647,0.146410496281507,0,0.00216499604594216,0,0.00121342364582146,0.000376579534787383,0,0.00676341150715849,0.0215287532810857,0,0.00416049983195648,0,0.0123072615508618,0.322338752557909,0.0167196427394793,0.00122443915381805,0.0160983921802588,0.205916655814376,0.164482859812348,0.00140838318596638,0,0.0161899556008661,0,0,0,0.0260380057094361,1.98705490226042e-05,5.98532620728421,0.119781919649169,0,0
0.00404008675498863,0,0.00221707423162134,9.39268347246438,0,8.744475683804,10.226626942245,0.69134567692106,0.0283245239135569,0,0,5.9738435866163,0,0.118342242635918,0.00188874343944878,0.000592358692316892,0,0,0,34.9236746030021,0.00214499506190294,0.00148001569571153,0.00205758080749544,0.516102719283876,0,0.000253679691059015,0,4.73235955617693,0.00159830870095847,0.0296091639032216,0,0,0.00273704267264101,0.0063586910217109,0,0.00604144825128414,0.0117096869210079,0.000174979871933787,0,0.0229370526109063,0,0,0.000574908677976407,0,0,0,0,0,0,0,0,0,0,0,0,0,0,0,0,0,0,0,0,0,0,0,0,0,0,0,0,0,0,0,0,0,0,0,0,0,0,0,0,0,0.00536320917222884,0,0,0
0,0.778735865503026,0.118396459289049,0,0,0,0.000953312433552705,0,0.334069012587129,0,0,0,14.8959490485271,0,0,0.00326914992113912,0.181734450429189,5.62050793982866,3.51351823414885,0,0.0134997756559757,0.069816725165281,0.0387671194958863,0.000681308950348763,1.97901180826574,7.00246231782423,2.48916540657771,0.000653464787533317,0,0.00731497741049258,0.742668709604145,0,0,3.11314295248071,0,0.0242232405984265,9.19014133316464,7.8026609287661,0.0587467353437707,0,0.00196812093796414,2.39483251591288,0.000102884942256822,0.0032633353595494,0,0,0,0,0.00505316587506302,0,0,0.00087797727736226,0,0,0,0,0,0.0610457882196646,0,0.0005406588013772,0,0.00724996822963151,0,0,0,0,0,0,0,0,0.0206224640657855,0,0,0.00791194383806823,0,0,0,0,0,0,0,0,0,0,0.013554043106486,0,0,0
0.609216666436151,0,0.00684492730669618,0.0868661033014727,0,10.8455416823128,1.64556308846471,1.02579735524784,0.630247798783836,5.9738435866163,0,0,0,0.268019052647294,1.51694095744144,0.00633281400592921,0,0,0,34.144512260276,0.00844799666891777,0.0131665615427839,0.015511129764661,0.349525077823369,0,0.000302821140039419,0.000317672408663271,0.423016514172159,0.0579491855413101,0.202531130038182,0,0,0.00679917021295082,0.0350887135603708,0,0.185613108187711,0.110062011169572,0.00367244709119981,0.000132061675066759,7.47130923288844,0,0,0.000414153394873306,0,0,0,0,0,0,0,0,0,0,0,0,0,0,0,0,0,0.0213514533238697,0,0,0,0,0,0,0,0,0,0,0,0,0,0,0,0,0,0,0,0,0,0,0,0.19260809924901,0,0,0
0,0.116904380265481,0.0179042569373021,0,0,0,0,0,0.0690195523821907,0,14.8959490485271,0,0,0,0,0,0.022449761894401,0.00382902169182536,0.102851820517511,0,0.00173216834414099,0.0061870668688765,0.00482592496551789,0,12.4770893770984,3.939922108591,2.11045992671609,0,0,4.27296822933035e-05,8.70554448814582,0,0,0.270953844004354,0.000206384887252304,4.6657471535885,7.69232757708057,2.06799768504543,0.170467099061676,0.0337480331222027,0.176733979301161,9.05204310387728,0.679134938606621,0.508910824696447,0.0696347106565639,0.0755490761947462,0.00151949201572406,0.00567879498608028,0.0959852523338169,0,0,0.0132502687555158,0,0,0,5.69687210670248e-05,0,0.0109062794224454,0,0.0126899261712783,0,0.19542676161972,0,0.000155672581042304,0,0.0160231741985706,0,0,0,0.014882262986847,0.00811671340828451,0.00519683929152137,0.00105798906535369,0.0254229371305268,0.0150562676510942,0.00241428612743103,0,0,0.00530684164305025,0,0,0,0.0426286962792797,2.2127632180399e-05,1.05981441802699,0.3025315701848,0,0
5.33506658653521,0,3.5587834633654e-05,0,0.37656343547919,8.68910763147101,0.479701458484488,39.8798990829458,0,0.118342242635918,0,0.268019052647294,0,0,0.256233760332639,0,0,0,0,0,0,0.000382729087177874,0,0.00142146086769472,0,0,0,0.00124365957424646,2.23343311077535,0.00119951971477841,0,2.38356511976811,0.172863540441222,0.308902787040564,0,0.00407083430967244,0.000168471732115285,0.0392329115053541,0.000572947853868189,2.14885894267074,0.196645456884306,0,0,0,0,0,0,0,0,0,0,0,0,0,0,0,0,0,0,0,0,0,0,0,0,0,0,0,0,0,0,0,0,0,0,0,0,0,0,0,0,0,0,0,0.00109436819161749,2.69811897201555e-05,0,0
2.71162536016066,0,0,0,7.15951285224254,0.516610012717315,0.0177363054813257,0.498352525738499,1.2056379196578,0.00188874343944878,0,1.51694095744144,0,0.256233760332639,0,0,0,0,0,0,0,0,0,0.00287845335532497,0,0,0,0.00273734340030956,0.0286770331887253,0.000582959634768343,0,0,0.0385489754591382,0.0091913441597031,0.00557117851294597,0.816265505774027,0.0364470742901354,0.00628465740553779,0.00979178231361771,57.9588012540255,0.0031719936155507,9.94736520417835e-05,0.0948391709264571,0.00648793708167672,0.00119497806869431,0.00289430539237948,0.00682024870551712,0.00045567660730365,0.000220474143985544,0,0,0,0,0,0,0,0,0,0,0,0,0,0,0.000297176093357426,0,0,0,0,0,1.3026369342548e-05,0,5.01829445668598e-05,0,0,0,0,0,0,0,0,0,0,9.74951792396595e-05,0.00152469832003212,1.02803911750823,0.339979664031582,0.000456152436842457,0.00174669453001927
0.0970098031510067,0.0502145617506783,0.366376707116874,0,0,0.00764573398665602,0.0328096870591418,0.00232786053104424,1.46049634371383,0.000592358692316892,0.00326914992113912,0.00633281400592921,0,0,0,0,0.00784686017511294,0,0.00250533951065131,0.00078993889081698,20.4962483365829,2.73721284637419,44.4391307264762,0.947776743815105,0.000383040279216852,0.0115646705955899,1.82043791218433,9.39659183169612,0.0859559953577297,0.808918711823818,0,0,0,0.719079320306174,0,1.89491619413908,1.46981663423854,0.103748792280336,0.0379292163395907,0.0245023164644661,0.000688038723857501,0.00226525138732852,0.0392985697546098,0.00130454986714192,0,0,0,0,0,0,0,0,0,0,0,0,0,0,0,0,0,0,0,0,0,0,0,0,0,0,0,0,0,0,0,0,0,0,0,0,0,0,0,0,1.90728208935969,0.00485175964078702,0,0
0.00129048394783962,1.55874990553032,0.861192969856691,0,0,0,0.00155548530476762,0,0.296558006155774,0,0.181734450429189,0,0.022449761894401,0,0,0.00784686017511294,0,0.00617262997447985,8.73930832314723,0,1.1272478478183,0.640761813489876,5.44744285327796,0.00464060557074542,0.0855881069955186,5.0356057229936,0.747081453278902,0.00653637494572242,0,0.105874123480331,0.00117105484021485,0,0,1.7148198376006,0,0.0863336380839467,0.729694073123237,0.668801109281126,0.0535292542642682,0,0,0.00824502196682623,0.00219118571425511,0,0,0,0,0,0,0,0.000630224115278508,0,0,0,0,0,0,0.00907321389025441,0,0,0,0,0,0,0,0,0,0,0,0,0.0299755312091914,0,0,0,0,0,0,0,0,0,0,0,0,0,0.0990664815817206,0,0,0
0,0.00114315646101704,0,0,0,0,0,0,0.00202986708629672,0,5.62050793982866,0,0.00382902169182536,0,0,0,0.00617262997447985,0,15.5914417814753,0,0,0,0,0,0.00342146203551099,3.65451528004341,0.0100304683246511,0,0,0,0.00229066442703524,0,0,0.00130802736977228,0,0,0.00535023489449164,0.00457498568304217,0,0,0,0,0,0,0,0,0,0,0,0,0,0,0,0,0,0,0,0,0,0,0,0,0,0,0,0,0,0,0,0,0.00575943123654299,0,0,0,0,0,0,0,0,0,0,0,0,0,0,0,0,0
0,0.641334214364099,0.147994426302645,0,0,0,0.000386068513615889,0,0.171420350146361,0,3.51351823414885,0,0.102851820517511,0,0,0.00250533951065131,8.73930832314723,15.5914417814753,0,0,0.066032369841547,0.0978973478961726,0.182751374280914,0,0.120908754249519,11.156961785312,0.83679658426631,0.000555969209417638,0,0.0091135083562095,0.018956256393155,0,0,0.562900049449659,0,0.0322962744283194,0.587021856314801,0.305508996066878,0.0128175470159151,0,0,0.00118144432896025,0.000736091019392079,0,0,0,0,0,0,0,0,0,0,0,0,0,0,0.0141400723594724,0,0,0,0,0,0,0,0,0,0,0,0,0.011080967780208,0,0,0.00420212911796081,0,0,0,0,0,0,0,0,0,0,0.0205486076810739,0,0,0
0.000643603336067257,0,0,65.8217226101013,0,3.15987160171625,2.466580297966,0.0136081913793611,0.0205216870292179,34.9236746030021,0,34.144512260276,0,0,0,0.00078993889081698,0,0,0,0,0,0,0,0.695924546747618,0,0.000454866106261059,0,7.21442477363636,0,0.0104925123806874,0,0,0,6.95110879564264e-05,0,0.00100603250252823,0.00326430018851014,0,0,0,0,0,0,0,0,0,0,0,0,0,0,0,0,0,0,0,0,0,0,0,0,0,0,0,0,0,0,0,0,0,0,0,0,0,0,0,0,0,0,0,0,0,0,0,0.000385951575584804,0,0,0
0.0451428439429021,0.0601437637036845,0.232350476388564,0,0,0.00622766887505679,0.0597935688409001,0.000389295892554396,1.03301649667212,0.00214499506190294,0.0134997756559757,0.00844799666891777,0.00173216834414099,0,0,20.4962483365829,1.1272478478183,0,0.066032369841547,0,0,1.39340844790883,12.0633764118278,0.917160340243509,0.00359375741089005,0.109574394655002,0.0789622667405051,2.20642078563329,0.0764655156828335,8.26281109018187,0,0,0,1.60712636955989,0,0.347804199457604,0.381971537736079,0.0722477708648889,0.00623429221654049,0.00645236297435548,0.00152827029371173,0,0.00561593189225881,0,0,0,0,0,0,0,0,0,0,0,0,0,0,0.00142168068782942,0,0,0,0,0,0,0,0,0,0,0,0,0.00170296031075975,0,0,0,0,0,0,0,0,0,0,0,0,0,0.220634389433456,0.0011468876168547,0,0
0.187625288343017,6.39166483048246,8.12480109789021,0.00106823574676551,0,0.0119150824828076,0.0753313867447387,0.00131162165347878,9.3045119227839,0.00148001569571153,0.069816725165281,0.0131665615427839,0.0061870668688765,0.000382729087177874,0,2.73721284637419,0.640761813489876,0,0.0978973478961726,0,1.39340844790883,0,6.01871702523304,3.51112453713068,0.0956778326475584,0.792381538152627,3.21591870639358,2.82661553829652,0.0477338922339831,0.665995803414952,0,0,0.00016777044128137,1.42108534609662,6.60761987600897e-06,2.7648997883329,3.67072438639857,1.87207751760048,0.362669274608756,0.0137280095601229,0.0108314919439242,0.0350890749050931,0.135520782603935,0.00339309124806124,0,0,0,0,0,0,0.544733798033454,0,0,0,0,0,0,0.00802875798428911,0,0,0,0,0,0,0,0,0,0,0,0,0.395511827237388,0.00110602490414069,0,0,0.00427372682202179,0.00421933449495244,0,0,0,0,0,0,0,0,3.48441717087595,0.0387153874008339,0,0
0.0410623968288889,0.348285790297449,6.24903564995226,0.00110866024435271,0,0.00748855336271214,0.0537922109332247,0.00073621419574053,1.67378650287708,0.00205758080749544,0.0387671194958863,0.015511129764661,0.00482592496551789,0,0,44.4391307264762,5.44744285327796,0,0.182751374280914,0,12.0633764118278,6.01871702523304,0,0.32246961085444,0.0086417592278196,0.421258393015349,7.83185470165003,0.819409304610234,0.0483554041862661,1.4050522372865,0,0,8.87710932221198e-05,4.02588046436658,0,1.32944365597791,1.37517781318887,0.35521792150294,0.0611547121436857,0.0150199328775248,0.00434274693842978,0.00166214698632781,0.0447886908971292,0.000293178378925047,0,0,0,0,0,0,0.000522846795372282,0,0,0,0,0,0,0.0021462456869441,0,0,0,0,0,0,0,0,0,0,0,0,0.00538603650717785,0,0,0,0,0,0,0,0,0,0,0,0,0,0.840643286880754,0.00350713587334639,0,0
0.423810576324918,0.015429354402318,0.151350023722139,2.32564703914891,0,1.43372549833278,3.24592429928707,0.125362164891895,8.76347448664781,0.516102719283876,0.000681308950348763,0.349525077823369,0,0.00142146086769472,0.00287845335532497,0.947776743815105,0.00464060557074542,0,0,0.695924546747618,0.917160340243509,3.51112453713068,0.32246961085444,0,0.000524681888144991,0.00773257557921287,0.0139096555939112,65.2065584541972,0.117506302112578,1.49163210928997,0,0,0.00106440615719988,0.176389095729318,0,0.30050886487392,1.12386511346617,0.0279412381261775,0.00971854981790371,0.0121236199287023,0,0.00020478047085302,0.00673820033892279,0,0,0,0,0,0,0,0,0,0,0,0,0,0,0,0,0,0,0,0,0,0,0,0,0,0,0,0.000455218226577542,0,0,0,0,0,0,0,0,0,0,0,0,0,0.229896056132035,0.000199457979458425,0,0
0,3.66298693809737,0.0611177131666151,0,0,0,0,0,0.300264712681076,0,1.97901180826574,0,12.4770893770984,0,0,0.000383040279216852,0.0855881069955186,0.00342146203551099,0.120908754249519,0,0.00359375741089005,0.0956778326475584,0.0086417592278196,0.000524681888144991,0,0.684767643520583,1.78012507092495,5.50122399928525e-05,0,0.00195516795594473,0.00455602626083329,0,0,0.0937226981482584,0,0.0258590899097378,10.0098450649512,0.554815072930008,0.0605128737036385,3.06545028507139e-05,0.00451843861004061,6.08404703687146,0.000565108719866518,0.260304353806806,0.00146181755367525,0.000245867186353161,0,0,0.39355078835206,0,0,0,0,0,0,0,0,0.0586448257950929,0,0.00733541025370902,0,0.233719345110788,0,0,0,0,0,0.00180321936941282,0,0,0.0240659818644354,0,0,1.34278480195693,0.00343772978722458,0.00198585685235447,0,0,0,0,0,0,0.000711623395099628,0,0.0117607841391384,0.000467626543199924,0,0
0.00178667162377666,1.0644916701164,8.30978823802529,0,0,0.000269790201088907,0.00188461998420893,0,0.183373259354158,0.000253679691059015,7.00246231782423,0.000302821140039419,3.939922108591,0,0,0.0115646705955899,5.0356057229936,3.65451528004341,11.156961785312,0.000454866106261059,0.109574394655002,0.792381538152627,0.421258393015349,0.00773257557921287,0.684767643520583,0,15.448304643218,0.00938731707201053,5.36215751743598e-05,0.0242582301848986,1.34787206987048,0,0,0.595330836591391,0,0.0774421411834777,0.49780214138473,0.298403717078972,0.0112970161954072,0.000959950611781933,0.000111895850411228,0.00245656535808992,0.00393687668080426,0,0,3.73186753431401e-05,0,0,0,0,0,0,0,0,0,0,0,0.0135935668923474,0,0,0,0.000443509118758144,0,0,0,0,0,0,0,0,0.0142266231037071,0,0,0.00749298796387876,0.000477937092663624,0.000339054177928233,0,0,0,0,0,0,0,0,0.0628495181273928,0.00132440272800612,0,0
0.000982599964660436,3.14185755755082,6.42638345632626,0,0,2.12595770602911e-05,0.00473835581613929,0,0.345501604382894,0,2.48916540657771,0.000317672408663271,2.11045992671609,0,0,1.82043791218433,0.747081453278902,0.0100304683246511,0.83679658426631,0,0.0789622667405051,3.21591870639358,7.83185470165003,0.0139096555939112,1.78012507092495,15.448304643218,0,0.0187464223071252,0.000286244105283787,0.0331324357914453,1.18682705161946,0,0,0.538883309074246,0,0.138060362264872,0.68181030353245,0.282487358926856,0.0169313828308664,0.000176416465603378,0.000859604487256578,0.00279995762488796,0.00712822363294968,0.00490775677997736,0,0,0,0,0,0,0,0,0,0,0,0,0,0.0167494002793486,0,0.000491690558173476,0,0.00263433228839735,0,0,0,0,0,0,0,0,0.0257014376898443,0,0,0.0216730461796165,0,0.000569618194125857,0,0,0,0,0,0,0,0,0.0901353131944485,0.000219033107258284,0,0
1.41199903911789,0.0102062766176442,0.11811382415612,29.6991802839765,0,1.79737471100309,4.98739843857965,0.221529777969952,2.66003474482746,4.73235955617693,0.000653464787533317,0.423016514172159,0,0.00124365957424646,0.00273734340030956,9.39659183169612,0.00653637494572242,0,0.000555969209417638,7.21442477363636,2.20642078563329,2.82661553829652,0.819409304610234,65.2065584541972,5.50122399928525e-05,0.00938731707201053,0.0187464223071252,0,0.462957330860601,5.56887564235111,0,0,0.00353644743856385,0.311689493705631,0,0.384019062322216,0.569548786640457,0.0351468071823327,0.0099404924011894,0.0272425021688027,3.78212368184576e-05,3.69377338134817e-05,0.0126493062075432,5.55032189962633e-05,0,0,0,0,0,0,0,0,0,0,0,0,0,0,0,0,0,0,0,0,0,0,0,0,0,0,0.00132820379835133,0,0,0,0,0,0,0,0,0,0,0,0,0,0.27129198155489,0.00230104333174667,0,0
23.0798608941233,0,0.00391675972883661,0,1.66872398433959,6.79290690161854,0.311330700293373,3.18250858986263,0.0749575852131814,0.00159830870095847,0,0.0579491855413101,0,2.23343311077535,0.0286770331887253,0.0859559953577297,0,0,0,0,0.0764655156828335,0.0477338922339831,0.0483554041862661,0.117506302112578,0,5.36215751743598e-05,0.000286244105283787,0.462957330860601,0,1.10863098250964,0,5.06579484807314,11.3223851251058,2.66177296054899,0.000106688198335654,1.26578186864591,0.0387927425999973,0.649497282183983,0.0145641688774761,10.9470502720902,1.5681490608465,0.000282847608694507,0.00112616404788339,0,0,3.37245606034341e-05,6.4814263238031e-05,0,0,0,0,0,0,0,0,0,0,0,0,0,0,0,0,0,0,0,0,0,0,0,0,0,0,0,0,0,0,0,0,0,0,0,0,0,0.578698261060631,0.00017117146652427,0,0
3.53060662071555,0.0388555187323061,0.211407347239681,0.000464831754723172,0,0.162334171034319,11.8229020495797,0.024540629840771,1.56911114413761,0.0296091639032216,0.00731497741049258,0.202531130038182,4.27296822933035e-05,0.00119951971477841,0.000582959634768343,0.808918711823818,0.105874123480331,0,0.0091135083562095,0.0104925123806874,8.26281109018187,0.665995803414952,1.4050522372865,1.49163210928997,0.00195516795594473,0.0242582301848986,0.0331324357914453,5.56887564235111,1.10863098250964,0,0,0,0.0523136462483687,1.27941436422694,0,0.895556575969877,0.512240398514895,0.0914912275530545,0.0165702504004378,0.154687263499314,0.000675652047450488,0.00212114672953467,0.0111262490485655,0,0,0,0,0,0,0,0,0,0,0,0,0,0,0.000558426212769358,0,0,0,0,0,0,0,0,0,0,0,0,0,0,0,0,0,0,0,0,0,0,0,0,0,0,0.276129423604789,0.000392046777541692,0,0
0,0.00334440903516867,0,0,0,0,0,0,0.00208768320121576,0,0.742668709604145,0,8.70554448814582,0,0,0,0.00117105484021485,0.00229066442703524,0.018956256393155,0,0,0,0,0,0.00455602626083329,1.34787206987048,1.18682705161946,0,0,0,0,0,0,0.00105495216945264,0,0,0.00427088920750508,0,0,0,0,0,0,0,0,0,0,0,0,0,0,0,0,0,0,0,0,0,0,0,0,0,0,0,0,0,0,0,0,0,0,0,0,0,0,0,0,0,0,0,0,0,0,0,0,0,0,0
0,0,0,0,4.68314610250466,2.90082138741316,0,0.833307272552183,0,0,0,0,0,2.38356511976811,0,0,0,0,0,0,0,0,0,0,0,0,0,0,5.06579484807314,0,0,0,0.0874057556578994,0.540195697134978,0,0,0,0.00789046302556891,0,0.0463098974351559,1.69815247313131,0,0,0,0,0,0,0,0,0,0,0,0,0,0,0,0,0,0,0,0,0,0,0,0,0,0,0,0,0,0,0,0,0,0,0,0,0,0,0,0,0,0,0,0,0,0,0
1.52739456597356,0,0,0,0.374204515887792,1.20331560012107,0.0223395132492503,0.221972266164804,0,0.00273704267264101,0,0.00679917021295082,0,0.172863540441222,0.0385489754591382,0,0,0,0,0,0,0.00016777044128137,8.87710932221198e-05,0.00106440615719988,0,0,0,0.00353644743856385,11.3223851251058,0.0523136462483687,0,0.0874057556578994,0,1.16255747555324,0.000169687441646486,1.73746905339874,0.0467119534394213,0.505695600158861,0.0915977923149489,12.8258667221576,1.29930703550141,0,0.00190331338231827,0,0,0,0,0,0,0,0,0,0,0,0,0,0,0,0,0,0,0,0,0,0,0,0,0,0,0,0,0,0,0,0,0,0,0,0,0,0,0,0,1.35586041766431e-05,2.54758567352176,0.00303456902512378,0,0
0.435055565722742,0.711857265940096,2.09193851217454,0.00036478851083252,0.494853923346493,1.18881168847557,0.239188711910698,0.305904882729487,1.15419504430566,0.0063586910217109,3.11314295248071,0.0350887135603708,0.270953844004354,0.308902787040564,0.0091913441597031,0.719079320306174,1.7148198376006,0.00130802736977228,0.562900049449659,6.95110879564264e-05,1.60712636955989,1.42108534609662,4.02588046436658,0.176389095729318,0.0937226981482584,0.595330836591391,0.538883309074246,0.311689493705631,2.66177296054899,1.27941436422694,0.00105495216945264,0.540195697134978,1.16255747555324,0,0.000534664639670135,24.3536181690967,11.3411134638098,50.6069944124527,5.13612617897043,11.6906835658133,6.02778955480962,0.129705706332056,0.220587148121312,0.00897939943577869,0.000763260868454427,0.000172970648647306,0.00148181372855137,0.000248133952791219,0.00306328796127656,0,0,0.000419764589206419,0,0,0,0,0,0.0394975076258992,0,0.000858718841307345,0,0.00433065559032709,0,0,0,0,0,0,0,0,0.0309426741977439,0,0,0.00176499902730483,0,0,0,0,0,0,0,0,0.000143409266905661,0.000106762986637158,12.367782261958,0.0422800858174407,3.1599823321673e-05,0
0,0,1.19271637618221e-05,0,0,0,0,0,5.24938431373346e-06,0,0,0,0.000206384887252304,0,0.00557117851294597,0,0,0,0,0,0,6.60761987600897e-06,0,0,0,0,0,0,0.000106688198335654,0,0,0,0.000169687441646486,0.000534664639670135,0,0.43447213956474,0.0186908538894745,0.00357467541253552,0.00327836370628281,0.0366018323898609,0.000768722117684864,0.000136249109813703,0.686194240104364,0.042185739724398,0.00652799157423654,0.0195508460357027,0.0985983092580776,0.0058379151998739,0.00067736200350617,0,0,0.00017605497688494,0,0,1.55923527031629e-05,0,8.19659577716439e-06,4.86507123053617e-06,0,0.00121356319590378,0,0.00011973685974135,0,0.0261481491386307,0,3.40052388953958e-05,0,0,0,0.000147107049418179,4.03767336046579e-05,0.00011425656742956,5.57373992328332e-05,0,5.88547142173722e-05,4.2460120866292e-05,2.73772889534393e-06,0,0.000124448843978538,0,0,0,0.00315801945257937,1.37561309502029,0.148678235074791,0.795831124265601,0.0372375983048772,1.35088294752774
0.537342779708434,0.246886289611211,1.62421942860398,0.00176434555214699,0,0.0424716594041311,0.267731261757404,0.0160704843392028,13.6115929243386,0.00604144825128414,0.0242232405984265,0.185613108187711,4.6657471535885,0.00407083430967244,0.816265505774027,1.89491619413908,0.0863336380839467,0,0.0322962744283194,0.00100603250252823,0.347804199457604,2.7648997883329,1.32944365597791,0.30050886487392,0.0258590899097378,0.0774421411834777,0.138060362264872,0.384019062322216,1.26578186864591,0.895556575969877,0,0,1.73746905339874,24.3536181690967,0.43447213956474,0,16.1242509913225,42.0005133858003,51.3018738239122,23.8974410695357,7.07794891926196,7.51024935381427,9.38689877180627,1.89859843308194,1.09864806286,2.28454512377626,0.480255200246233,0.140976620438616,0.209885733582572,0.00265012108337909,0.000949135735974289,0.0378102602423326,0,0,0.00394876354457729,0.00155275111696409,0.00014872386433569,0.0291965230060606,0,0.076619157550473,0,0.516910686632172,0.00107652554358425,0.0740477874915694,0.00123027396093892,0.0134091908371763,0,0.000258621032990214,0,0.080654472605579,0.061143125624229,0.0310626313266496,0.00137062048618594,0.00268970645786004,0.0197650655119581,0.00635330318136309,0.00106972039950017,4.02052117686978e-05,0.0227997261380824,7.8865936877357e-05,0,0,0.450100470276177,0.108418363134978,19.1169649157407,1.83127710001108,0.00389739257210724,0.00283761494540888
0.140867551956886,1.23393843999002,3.13617079932056,0.00180571771593063,0,0.0587543218902005,0.333607666768496,0.0120872277481353,8.69361170674604,0.0117096869210079,9.19014133316464,0.110062011169572,7.69232757708057,0.000168471732115285,0.0364470742901354,1.46981663423854,0.729694073123237,0.00535023489449164,0.587021856314801,0.00326430018851014,0.381971537736079,3.67072438639857,1.37517781318887,1.12386511346617,10.0098450649512,0.49780214138473,0.68181030353245,0.569548786640457,0.0387927425999973,0.512240398514895,0.00427088920750508,0,0.0467119534394213,11.3411134638098,0.0186908538894745,16.1242509913225,0,36.2895463139378,14.3046052183715,1.22830346396346,2.31571318401606,7.60660263023771,1.07268758859651,0.182366715584936,0.0686171974358383,0.177397040561532,0.0339785845815667,0.0121060256065049,0.138836120163477,0,0.0013803085583495,0.00401507225742359,0,0,0.000649844518888897,0,0,0.115147505864692,0,0.00930231152702056,0,0.0801148342983399,0,0.00574248650039956,0,0.000854709443075811,0,0,0,0.00414663785622717,0.113020459353432,0.0010757621991494,0,0.747013591529382,0.00165098599841813,0.00145804784664721,0,0,0.00120548925448953,0,0,0,0.0164149098533573,0.00490569667198954,13.3933795401283,0.201037763580112,3.42988263605411e-05,5.23889326476755e-05
0.0494508496434016,0.75088923411057,2.08793591535628,0,0.0266753334083278,0.253823348198099,0.0157558209649401,0.0548632894591466,1.77658896563533,0.000174979871933787,7.8026609287661,0.00367244709119981,2.06799768504543,0.0392329115053541,0.00628465740553779,0.103748792280336,0.668801109281126,0.00457498568304217,0.305508996066878,0,0.0722477708648889,1.87207751760048,0.35521792150294,0.0279412381261775,0.554815072930008,0.298403717078972,0.282487358926856,0.0351468071823327,0.649497282183983,0.0914912275530545,0,0.00789046302556891,0.505695600158861,50.6069944124527,0.00357467541253552,42.0005133858003,36.2895463139378,0,5.28655213707717,5.12170595736009,10.800045496436,2.62140416121188,1.06451910198432,0.0390946636230959,0.00294064978852226,0.00468516664731847,0.00223407625568231,0.00194846008516788,0.00373177626820398,0,0,0.00137499905072147,0,0,0,0,0,0.0670820171501466,0,0.00137456804486635,0,0.00577304691207522,0,0.000530766119675852,0,0,0,0,0,0,0.0746953481653514,0,0,0.00293863669683422,0.00219274643833013,0,0,0,0,0,0,0,0.00182677051842124,0.000961554676578802,18.0765516254504,0.335701099830069,6.02786253872831e-05,8.61839880463341e-05
0.00615945811592981,0.0744573266676347,0.389037236724493,0,0,0.000707377480152344,0.0027886486227858,0,0.223263085609457,0,0.0587467353437707,0.000132061675066759,0.170467099061676,0.000572947853868189,0.00979178231361771,0.0379292163395907,0.0535292542642682,0,0.0128175470159151,0,0.00623429221654049,0.362669274608756,0.0611547121436857,0.00971854981790371,0.0605128737036385,0.0112970161954072,0.0169313828308664,0.0099404924011894,0.0145641688774761,0.0165702504004378,0,0,0.0915977923149489,5.13612617897043,0.00327836370628281,51.3018738239122,14.3046052183715,5.28655213707717,0,1.42071690595674,2.06498533084549,1.16693849992856,1.69472226251288,0.0596990313882808,0.00628244846323382,0.0136258180056227,0.00355109641798898,0.000407885570962385,0.000305936615842493,0,0,4.01454733503558e-05,0,0,0,0,0,0.00583822666299054,0,0.000840049108382186,0,0.00417303121560902,0,0.000782183934943269,0,0,0,0,0,0.000166168429294519,0.00242030860160561,0,0,0.00589484104275947,0.00074184917621678,0,0,0,0.00039259671106625,0,0,0,0.0010245249520848,0.000749909851396614,31.9740877294177,0.862256452311095,0.000238848695671476,0.000195758649534302
19.0576399446491,0.00247563785765922,0.00499079948604857,0,16.9992787115487,3.03892424222199,0.515250253471307,0.706954983216033,9.15168274932096,0.0229370526109063,0,7.47130923288844,0.0337480331222027,2.14885894267074,57.9588012540255,0.0245023164644661,0,0,0,0,0.00645236297435548,0.0137280095601229,0.0150199328775248,0.0121236199287023,3.06545028507139e-05,0.000959950611781933,0.000176416465603378,0.0272425021688027,10.9470502720902,0.154687263499314,0,0.0463098974351559,12.8258667221576,11.6906835658133,0.0366018323898609,23.8974410695357,1.22830346396346,5.12170595736009,1.42071690595674,0,2.28349720609911,0.0258718073518351,2.22779711101777,0.194500090319863,0.0106209183840139,0.0643835806842756,0.0417707342458078,0.00888610501136565,0.00122574125598889,0,0,0.000137639760319782,0,0,1.39610256702608e-05,1.24218857979787e-05,0,4.3665666491314e-05,0,0.00060876586826776,3.83688705317927e-05,0.000125455727283286,0,0.00768946842334493,0,0,0,0,0,0.000419407552779588,8.53298046226691e-05,0.000189664931771312,0,0,3.38046607269802e-05,0,0,0,0.000154260853754282,0,0,0,0.00715809482889747,0.0111541984615268,17.6807968566115,4.70796612066576,0.00288031434402136,0.00295253070481572
0.0134161015831774,0.00489074204857229,0.0178238656973296,0,12.0922324133946,1.17784283031807,0,0.280614685198788,0.00417043432887341,0,0.00196812093796414,0,0.176733979301161,0.196645456884306,0.0031719936155507,0.000688038723857501,0,0,0,0,0.00152827029371173,0.0108314919439242,0.00434274693842978,0,0.00451843861004061,0.000111895850411228,0.000859604487256578,3.78212368184576e-05,1.5681490608465,0.000675652047450488,0,1.69815247313131,1.29930703550141,6.02778955480962,0.000768722117684864,7.07794891926196,2.31571318401606,10.800045496436,2.06498533084549,2.28349720609911,0,0.396732241231695,0.177240300899777,0.0125425732555044,0.000264429242962966,0.00378571016308792,0.000974260541147243,5.72780627172828e-05,0.00211105590285852,0,0,0,0,0,0,0,0,0,0,0,0,0.000960095445332342,0,0,0,0,0,0,0,1.37048488370047e-05,0,2.17505427082057e-05,0,0,0,0,0,0,0,0,0,0,0.000287436266543028,0.000327506778797558,5.7962788141846,0.231037937096208,5.32920694480904e-05,0
0,0.0209710634434116,0.0357193033240013,0,0,0,0,0,0.0487016797962568,0,2.39483251591288,0,9.05204310387728,0,9.94736520417835e-05,0.00226525138732852,0.00824502196682623,0,0.00118144432896025,0,0,0.0350890749050931,0.00166214698632781,0.00020478047085302,6.08404703687146,0.00245656535808992,0.00279995762488796,3.69377338134817e-05,0.000282847608694507,0.00212114672953467,0,0,0,0.129705706332056,0.000136249109813703,7.51024935381427,7.60660263023771,2.62140416121188,1.16693849992856,0.0258718073518351,0.396732241231695,0,0.638984651801753,0.269240716049159,0.0198153941122742,0.0417419379909917,0.0013483895288051,0,0.177823453518011,0,0,0.00117878499744592,0,0,0,0,0,0.0040298265732806,0,0.00379425052723452,0,0.123163382919853,0,0,0,0.00193240169908862,0,0.00208223571560184,0,0.00265008943249628,0.00184501202409715,0.00107321894485105,0,1.18148641451557,0.00182263811759356,0.00150350294648221,0,0,0.000599450094127471,0,0,0,0.00498846648922529,0.000104707716317213,3.8393575236336,0.507387315727037,0,0
0.00197702605046333,0.0106324560066808,0.113152858607259,0,0,0.00144428512354013,0.00177768329588172,0,0.350157178047891,0.000574908677976407,0.000102884942256822,0.000414153394873306,0.679134938606621,0,0.0948391709264571,0.0392985697546098,0.00219118571425511,0,0.000736091019392079,0,0.00561593189225881,0.135520782603935,0.0447886908971292,0.00673820033892279,0.000565108719866518,0.00393687668080426,0.00712822363294968,0.0126493062075432,0.00112616404788339,0.0111262490485655,0,0,0.00190331338231827,0.220587148121312,0.686194240104364,9.38689877180627,1.07268758859651,1.06451910198432,1.69472226251288,2.22779711101777,0.177240300899777,0.638984651801753,0,29.5061278922806,19.9075308179532,29.9659070810908,23.3786798254223,1.63337162776826,0.418296675669346,1.05897785528165,0.0408710978671448,0.802902738892407,0,0,0.515504196962989,0.0639806913990363,0.433695047902803,11.1255605208364,0.00934789353079235,0.419098559734978,0.0129085235833674,0.732675031745354,0.261090851022778,0.388251422152789,0.0451184892747547,0.15899700640077,0,0.00566330949579727,0,1.02485985768397,1.20893732423099,0.789618681529497,1.00107578646871,0.0310177166290124,0.407625151713675,0.123819221579138,0.0335139651482331,0.0429983356528129,0.422853894806849,0.000813603416387572,0,0.123837492594216,15.0488100173546,0.438809508716862,0.893087094063543,37.9366713660501,0.0071314324036599,0.00527015733646732
0,0.00686709076736883,0.00182361331995037,0,0,0,0,0,0.153944954311941,0,0.0032633353595494,0,0.508910824696447,0,0.00648793708167672,0.00130454986714192,0,0,0,0,0,0.00339309124806124,0.000293178378925047,0,0.260304353806806,0,0.00490775677997736,5.55032189962633e-05,0,0,0,0,0,0.00897939943577869,0.042185739724398,1.89859843308194,0.182366715584936,0.0390946636230959,0.0596990313882808,0.194500090319863,0.0125425732555044,0.269240716049159,29.5061278922806,0,12.9287643463686,9.22769829727174,2.36847160242142,0.348410213361993,8.08792315078701,3.16208733790526,0.525011821800012,1.76600668086586,0,0,0.504254929114339,0.428376699345387,0.515688373079576,2.54024742494454,0.0293421378183103,4.63293720110122,0.0288698126046263,2.62095745195025,0.565383365454886,0.0381762742012578,0.283779321599283,1.41082424303201,0.00906690080369389,0.232088341567273,0.00233036342262444,0.917829497582208,7.04830510402469,1.25407545592966,0.806370949784035,15.4875326342981,3.51224490926691,1.14775285210558,0.27809320148566,0.0778735111638135,1.85118820265961,0.0106271078029891,0,0.315938109761903,11.0976621626752,0.0250917825915677,0.304346633176892,30.3718304040432,0.000124267764419529,0.000358356701942008
0,0,0,0,0,0,0,0,0.0160757666003839,0,0,0,0.0696347106565639,0,0.00119497806869431,0,0,0,0,0,0,0,0,0,0.00146181755367525,0,0,0,0,0,0,0,0,0.000763260868454427,0.00652799157423654,1.09864806286,0.0686171974358383,0.00294064978852226,0.00628244846323382,0.0106209183840139,0.000264429242962966,0.0198153941122742,19.9075308179532,12.9287643463686,0,13.1404345193787,11.2019686693855,5.4544497812522,4.00258768942481,0.0627743663645995,0.0644782189697367,1.42308893502681,0,0.00479405734915613,0.245801267273281,0.00633737622300095,0.497903058670282,0.063818698224046,0.000425639789349622,20.3870480797089,0.00293079693246615,0.509476459415437,0.120566379560301,0.0068259855880771,0.0106289012990088,0.673608194565074,0.000824936425954936,0.174977528263681,0,0.442156494565519,0.182646509524845,0.439739388622117,0.0240482791511253,0.303783038869167,1.01239436266483,0.226599975138315,0.00392441000770106,0.472890636715996,0.075982261563459,0.00794516301681371,0.00432095973321404,0.0391528500055191,52.0900923722355,0.00619440271135651,0.174990853226041,21.7510180699475,0,0
0,0,0,0,0,0,0,0,0.0126977758317815,0,0,0,0.0755490761947462,0,0.00289430539237948,0,0,0,0,0,0,0,0,0,0.000245867186353161,3.73186753431401e-05,0,0,3.37245606034341e-05,0,0,0,0,0.000172970648647306,0.0195508460357027,2.28454512377626,0.177397040561532,0.00468516664731847,0.0136258180056227,0.0643835806842756,0.00378571016308792,0.0417419379909917,29.9659070810908,9.22769829727174,13.1404345193787,0,4.72905775409501,4.21928627666117,4.19553724522671,0.023570525604987,0.0309237854137245,0.510915386915845,0,0,0.0129869918695349,0.00552709904106186,0.0129092036127046,0.0479621946734088,0.000307704746252288,2.2400667203915,0,0.298072986643815,0.00902201447664901,0.0299767343001882,0.0128540048272265,0.534786009816077,0,0.0260362961282031,0,0.304944588493241,0.0764158604105157,0.20831980636923,0.0091913295707991,0.0985578237837827,0.276211688822176,0.0495023931865546,0.0024772237246356,0.0180965494446465,0.0947873229140932,0.00141997670133948,0,0.00352655229358195,4.40261748679267,0.0150462253551297,0.863037784754859,44.02292364578,0.000554060823544319,0.0007134293267056
0,0,0,0,0,0,0,0,0.000228533057114582,0,0,0,0.00151949201572406,0,0.00682024870551712,0,0,0,0,0,0,0,0,0,0,0,0,0,6.4814263238031e-05,0,0,0,0,0.00148181372855137,0.0985983092580776,0.480255200246233,0.0339785845815667,0.00223407625568231,0.00355109641798898,0.0417707342458078,0.000974260541147243,0.0013483895288051,23.3786798254223,2.36847160242142,11.2019686693855,4.72905775409501,0,4.50873386159781,0.0356609113091205,2.78360457095736,0.000523644446501159,0.0204857410506017,0,19.8013786162547,15.013881027059,0.129826202480524,2.86877030361564,9.05735539314178,0.0614065847883019,0.0781315998123052,4.83831960263081,0.00953071535632504,1.42957743618533,61.1619803188271,0.0217573613243156,0.00264679307753287,0,0.000117133891007211,0,0.0128179467224191,0.0736998882934736,0.0334205242545033,2.2688230167829,0.000103495436686689,0.00231649476383401,0.00482519004138676,0.026260531287417,2.55535215821873,0.0696434130097053,0,0.0186842833767886,2.87589995355586,6.48551587967427,0.164467873986888,0.174496890281551,20.8776380038574,0.00379448975907577,0.00204912794110891
0,0,0,0,0,0,0,0,0,0,0,0,0.00567879498608028,0,0.00045567660730365,0,0,0,0,0,0,0,0,0,0,0,0,0,0,0,0,0,0,0.000248133952791219,0.0058379151998739,0.140976620438616,0.0121060256065049,0.00194846008516788,0.000407885570962385,0.00888610501136565,5.72780627172828e-05,0,1.63337162776826,0.348410213361993,5.4544497812522,4.21928627666117,4.50873386159781,0,0.305907083304323,0,0,0.00926107838746808,0,11.8427267003667,1.20099354633472,0.000692013023360718,1.61738286049955,0.00272419551853309,0,0.722599188602113,0,0.0416345464891214,0.205206911343645,0.0158979392016545,0,0.00245588502079253,0,0,0,0.00277838648054169,0.00250624561231838,0.00353552523763314,0.000574666956571915,0,0.00164863820441518,0.000180187518803471,0,0.697146858037021,0.00244295669700004,0,2.17014150438894,0,3.87657504082363,0.00572503793659098,0.0792856539969384,3.52515168132103,0,0.00160454563025511
0,0.00609041960433554,0,0,0,0,0,0,0.00400023671454802,0,0.00505316587506302,0,0.0959852523338169,0,0.000220474143985544,0,0,0,0,0,0,0,0,0,0.39355078835206,0,0,0,0,0,0,0,0,0.00306328796127656,0.00067736200350617,0.209885733582572,0.138836120163477,0.00373177626820398,0.000305936615842493,0.00122574125598889,0.00211105590285852,0.177823453518011,0.418296675669346,8.08792315078701,4.00258768942481,4.19553724522671,0.0356609113091205,0.305907083304323,0,0.00285193200413655,0.00680358534842873,0.0415138746046642,0,0,0,0.000470220874427191,0,0,0,6.33135953654422,0,11.4470796721253,0,0.00283838345400176,0.00151728020136951,0.0924059329747546,0,0.0157990134935154,0,0.0650446351766496,0.010406558854335,0.0249090421290846,0,20.2346367670915,0.0685417132912093,0.0272198118083925,0.000176292789549446,0,0.0106678190501242,0,0,0,0.333441005398413,0.000604019910685885,0.0809743050498942,0.275819129263062,0,0
0,0,0,0,0,0,0,0,0,0,0,0,0,0,0,0,0,0,0,0,0,0,0,0,0,0,0,0,0,0,0,0,0,0,0,0.00265012108337909,0,0,0,0,0,0,1.05897785528165,3.16208733790526,0.0627743663645995,0.023570525604987,2.78360457095736,0,0.00285193200413655,0,0.00412467919478918,0.0866122994295829,0,0,1.3767370162325,1.77389311260372,1.79422485778424,0.429129244131121,0.0111427607664535,0,0.0411264293716938,0,27.8692149009245,0.00156939637534517,0.0789253030844043,0,0,0,0,0.0663224611678916,0.42696984039504,0.108617727043164,0.557900129379816,0,0.00661641862913472,0.0132356944929813,0.102957468761303,23.7473429478527,5.82351746765425,0,0,32.1464897791425,2.39902496844454,0,0.000182363289142593,0.978772504909398,0,0
0,0.121545991252174,0.00111683408174221,0,0,0,0,0,0.951686500440773,0,0,0,0,0,0,0,0.000630224115278508,0,0,0,0,0.544733798033454,0.000522846795372282,0,0,0,0,0,0,0,0,0,0,0,0,0.000949135735974289,0.0013803085583495,0,0,0,0,0,0.0408710978671448,0.525011821800012,0.0644782189697367,0.0309237854137245,0.000523644446501159,0,0.00680358534842873,0.00412467919478918,0,2.20770719399126,0,0,0.00175998358006022,0.00310306442286877,0.00154568280151884,0.747602348765205,0,0.0404823779351666,0,0.00103907515888624,0.000433593369976556,0,0.101816240470994,0.115973206796454,0,0.0289287911608014,0,0.0388590384294556,11.1217896359363,0.148974597254557,0.00539074556814009,0.841982915348982,1.16893794077332,2.30591496917499,0.00633384774830728,0.00062746565320717,0.0393962949776834,0,0,0,0.316676371013316,0,0,0.0608946432529837,0,0
0,0.000300369625323166,0,0,0,0,0,0,0.131314871935221,0,0.00087797727736226,0,0.0132502687555158,0,0,0,0,0,0,0,0,0,0,0,0,0,0,0,0,0,0,0,0,0.000419764589206419,0.00017605497688494,0.0378102602423326,0.00401507225742359,0.00137499905072147,4.01454733503558e-05,0.000137639760319782,0,0.00117878499744592,0.802902738892407,1.76600668086586,1.42308893502681,0.510915386915845,0.0204857410506017,0.00926107838746808,0.0415138746046642,0.0866122994295829,2.20770719399126,0,0,0,0.0539417652899471,0.0870621276540383,0.0155585516784564,0.487095197378678,0.003069462205619,0.0726566326807502,0.00867332813385156,0.0204263265211479,0.0247521266047358,0,0.846474642063583,3.53832481551565,0,0.0202335439888511,0,3.12974522957208,8.45259166631299,8.78932841084627,0.198872653878027,0.0415286445020278,7.55568705409679,4.97117328837852,0.100031112106006,0.0026092540838382,1.17538552203611,0,0,0.00277112252723732,4.69370921203723,4.86437581784218e-05,0.00298938073086575,0.6155386708769,0,0
0,0,0,0,0,0,0,0,0,0,0,0,0,0,0,0,0,0,0,0,0,0,0,0,0,0,0,0,0,0,0,0,0,0,0,0,0,0,0,0,0,0,0,0,0,0,0,0,0,0,0,0,0,0,0.0148511237663727,0.0969448271156865,0,0.00197235441350738,11.5423489926304,0,0.0424998901710764,0,0,0,0,0,0,0,66.6226773903552,0,0,0,2.23101115298987,0,0,0,20.5232416054262,0,0,0,0,0,0,0,0,0,0,0
0,0,0,0,0,0,0,0,0,0,0,0,0,0,0,0,0,0,0,0,0,0,0,0,0,0,0,0,0,0,0,0,0,0,0,0,0,0,0,0,0,0,0,0,0.00479405734915613,0,19.8013786162547,11.8427267003667,0,0,0,0,0,0,0.616130686540672,0,0.723411558435375,0,0,0,0,0,0.120179346377464,2.11360123230317,0,0,0,0,0,0,0,0,0,0,0,0,0,0.194414057099173,0,0,5.85223747411543,0,0.826064142719859,0,0,0,0,0
0,0,0,0,0,0,0,0,0.000738568456980278,0,0,0,0,0,0,0,0,0,0,0,0,0,0,0,0,0,0,0,0,0,0,0,0,0,1.55923527031629e-05,0.00394876354457729,0.000649844518888897,0,0,1.39610256702608e-05,0,0,0.515504196962989,0.504254929114339,0.245801267273281,0.0129869918695349,15.013881027059,1.20099354633472,0,1.3767370162325,0.00175998358006022,0.0539417652899471,0.0148511237663727,0.616130686540672,0,3.3118640883369,11.618772633779,0.168524217007281,5.30036062467333,0,9.24818759084552,0.000135123988290059,1.34511161666705,2.10755661438638,0.212540864988568,5.97896995631082e-05,0,0,0.318882957249966,0.0514168649171461,0.423389937882703,0.134394205272911,2.1739516646482,0,0.00580972331096278,0.0116707213917295,0.704363308258064,0.960018008843239,0.313710594366653,0,1.2606356220293,0.360596649809616,1.39483621762387,8.53216430999077e-05,0,0.181226639329051,0,0
0,0,0,0,0,0,0,0,0.0014355012877262,0,0,0,5.69687210670248e-05,0,0,0,0,0,0,0,0,0,0,0,0,0,0,0,0,0,0,0,0,0,0,0.00155275111696409,0,0,0,1.24218857979787e-05,0,0,0.0639806913990363,0.428376699345387,0.00633737622300095,0.00552709904106186,0.129826202480524,0.000692013023360718,0.000470220874427191,1.77389311260372,0.00310306442286877,0.0870621276540383,0.0969448271156865,0,3.3118640883369,0,0.210741373186475,0.171748660867838,5.29871740215028,0.000373032733911739,1.8184680412377,0.00069199919277638,0.687317562303468,0.000634165390698369,0.240845616280877,0.00236861192970558,0,0,1.45757542476508,0.229318304243319,0.378928037037529,0.22317782703122,6.05498269655767,0.000289349850150361,0.0142179573912383,0.0238469456744097,6.96861257585847,0.0372194156310385,9.88778861534275,0,0,0.0142565649848613,0.162711797698115,1.11086748001238e-05,9.23769292594532e-05,0.0235826946693576,0,0
0,0,0,0,0,0,0,0,0.000638962839841647,0,0,0,0,0,0,0,0,0,0,0,0,0,0,0,0,0,0,0,0,0,0,0,0,0,8.19659577716439e-06,0.00014872386433569,0,0,0,0,0,0,0.433695047902803,0.515688373079576,0.497903058670282,0.0129092036127046,2.86877030361564,1.61738286049955,0,1.79422485778424,0.00154568280151884,0.0155585516784564,0,0.723411558435375,11.618772633779,0.210741373186475,0,0.0389080211294035,0.956942433181716,0,0.0563185073515257,0,14.6667637695594,0.00574345030263379,0.0249417086419761,0.000382772452040003,0,0,0,0.00731001167180958,0.13078350996903,0.0319893990221086,0.243477906961911,0,0.00171614716065457,0.00175587355281429,0.0614952881512136,5.48017985167491,0.0898246560947232,0,3.5474135281103,0.251702689516577,4.67029063729032,1.17139259632378e-05,0,0.070556832053143,0,0
0,0.0747062557775574,0.0107818279901299,0,0,0,0,0,0.146410496281507,0,0.0610457882196646,0,0.0109062794224454,0,0,0,0.00907321389025441,0,0.0141400723594724,0,0.00142168068782942,0.00802875798428911,0.0021462456869441,0,0.0586448257950929,0.0135935668923474,0.0167494002793486,0,0,0.000558426212769358,0,0,0,0.0394975076258992,4.86507123053617e-06,0.0291965230060606,0.115147505864692,0.0670820171501466,0.00583822666299054,4.3665666491314e-05,0,0.0040298265732806,11.1255605208364,2.54024742494454,0.063818698224046,0.0479621946734088,9.05735539314178,0.00272419551853309,0,0.429129244131121,0.747602348765205,0.487095197378678,0.00197235441350738,0,0.168524217007281,0.171748660867838,0.0389080211294035,0,0.0155970971828427,0.00275803614562864,1.30145184002384,0.00191808712588702,0.0770800393905919,3.01771060158806,0.135392119343312,0.0561323859736547,0,0.00387231677213213,0,0.0677557378210694,8.10606332033348,0.194157743147222,15.180514744646,0.0392408210763966,0.500600875354097,0.166696647472989,0.171499006655724,0.00915143216189084,0.313127694684358,0,0,0.0584050343714462,0.395628167104388,0,0.00916796017644537,2.56577379251542,0,0
0,0,0,0,0,0,0,0,0,0,0,0,0,0,0,0,0,0,0,0,0,0,0,0,0,0,0,0,0,0,0,0,0,0,0,0,0,0,0,0,0,0,0.00934789353079235,0.0293421378183103,0.000425639789349622,0.000307704746252288,0.0614065847883019,0,0,0.0111427607664535,0,0.003069462205619,11.5423489926304,0,5.30036062467333,5.29871740215028,0.956942433181716,0.0155970971828427,0,0,11.0479935304039,0,0.474402058266365,0,0.0177050690155265,0,0,0,30.1354324942997,0.00250663186209022,0.0459126564914616,0.0124164855997138,0.904648023669756,0,0.000536281419746721,0.000694499191440419,4.12502330614434,0.000641527553831612,0.0277058177304207,0,0,0.000653393318291243,0.0074863682601344,0,0,0.00260087219658728,0,0
0,0,0,0,0,0,0,0,0.00216499604594216,0,0.0005406588013772,0,0.0126899261712783,0,0,0,0,0,0,0,0,0,0,0,0.00733541025370902,0,0.000491690558173476,0,0,0,0,0,0,0.000858718841307345,0.00121356319590378,0.076619157550473,0.00930231152702056,0.00137456804486635,0.000840049108382186,0.00060876586826776,0,0.00379425052723452,0.419098559734978,4.63293720110122,20.3870480797089,2.2400667203915,0.0781315998123052,0.722599188602113,6.33135953654422,0,0.0404823779351666,0.0726566326807502,0,0,0,0.000373032733911739,0,0.00275803614562864,0,0,0,16.1245288245453,0,0.00279569901492328,0.000532432543933738,0.267997613968142,4.04179583845986,3.19654407549501,0,0.0512467700779121,0.0295680103057863,0.0679823235795815,0.00082367502920027,3.18526293367263,13.4940004576379,0.996286984958309,0,0,0.0149488256855892,0.874960466606778,0,0,4.1351925215508,0.00205134038478034,0.0150676178602971,0.175760458947161,0,0
0,0,0,0,0,0,0,0,0,0,0,0.0213514533238697,0,0,0,0,0,0,0,0,0,0,0,0,0,0,0,0,0,0,0,0,0,0,0,0,0,0,0,3.83688705317927e-05,0,0,0.0129085235833674,0.0288698126046263,0.00293079693246615,0,4.83831960263081,0,0,0.0411264293716938,0,0.00867332813385156,0.0424998901710764,0,9.24818759084552,1.8184680412377,0.0563185073515257,1.30145184002384,11.0479935304039,0,0,0,0.0471532498110821,4.30621978695181,0.0552021613006324,0,0,0,31.7068309047844,0.0096171960917279,0.0498201971614261,0.0189012112477112,4.62727332188432,0,0.000717798855473812,0.000176133037420804,0.633801462846716,0.00260073777659725,0.0311546551460039,0,0,0.00237853016104786,0.0164600882404972,0,0,0.00714248572666332,0,0
0,0.00146882961811201,0,0,0,0,0,0,0.00121342364582146,0,0.00724996822963151,0,0.19542676161972,0,0,0,0,0,0,0,0,0,0,0,0.233719345110788,0.000443509118758144,0.00263433228839735,0,0,0,0,0,0,0.00433065559032709,0.00011973685974135,0.516910686632172,0.0801148342983399,0.00577304691207522,0.00417303121560902,0.000125455727283286,0.000960095445332342,0.123163382919853,0.732675031745354,2.62095745195025,0.509476459415437,0.298072986643815,0.00953071535632504,0.0416345464891214,11.4470796721253,0,0.00103907515888624,0.0204263265211479,0,0,0.000135123988290059,0.00069199919277638,0,0.00191808712588702,0,16.1245288245453,0,0,0,0.000238200748128792,0,0.0405849377463395,0.0365718564562664,0.429376317956716,0,0.0258582776546977,0.00699498323163206,0.0217444453895226,0.000220513469026285,9.53325237328296,4.69181447721888,2.14795525811763,0,0,0.00760607327470347,11.6898169165352,0,0,0.160681980725489,0.000201045022798096,0.0554264233690939,0.147316438669864,0,0
0,0,0,0,0,0,0,0,0.000376579534787383,0,0,0,0,0,0,0,0,0,0,0,0,0,0,0,0,0,0,0,0,0,0,0,0,0,0,0.00107652554358425,0,0,0,0,0,0,0.261090851022778,0.565383365454886,0.120566379560301,0.00902201447664901,1.42957743618533,0.205206911343645,0,27.8692149009245,0.000433593369976556,0.0247521266047358,0,0.120179346377464,1.34511161666705,0.687317562303468,14.6667637695594,0.0770800393905919,0.474402058266365,0,0.0471532498110821,0,0,0.00112119051567705,0.0501677240677346,0,0,0,0,0.0117939747708208,0.24257977342355,0.0494449517932135,0.43604238748534,0,0.0010195524315127,0.0056859685035798,0.0802099380542376,10.7409584898498,0.192913872117923,0,2.44703972792305,0.249881532643028,1.61715633134885,0,0,0.0646525599663622,0,0
0,0,0,0,0,0,0,0,0,0,0,0,0.000155672581042304,0,0.000297176093357426,0,0,0,0,0,0,0,0,0,0,0,0,0,0,0,0,0,0,0,0.0261481491386307,0.0740477874915694,0.00574248650039956,0.000530766119675852,0.000782183934943269,0.00768946842334493,0,0,0.388251422152789,0.0381762742012578,0.0068259855880771,0.0299767343001882,61.1619803188271,0.0158979392016545,0.00283838345400176,0.00156939637534517,0,0,0,2.11360123230317,2.10755661438638,0.000634165390698369,0.00574345030263379,3.01771060158806,0,0.00279569901492328,4.30621978695181,0.000238200748128792,0.00112119051567705,0,0,0.000298534350108761,0,0,0,0.000116496966636219,0,0.000451992758321679,0.132739066125444,0,4.20507890010121e-05,0,0.000215714906243567,0,0,0,0,0.00541162452879276,0.00224726520510144,0.0655107967833143,0.067095608971584,1.28112574577102,0.00648900392857534,0.00368798243616047
0,0,0,0,0,0,0,0,0.00676341150715849,0,0,0,0,0,0,0,0,0,0,0,0,0,0,0,0,0,0,0,0,0,0,0,0,0,0,0.00123027396093892,0,0,0,0,0,0,0.0451184892747547,0.283779321599283,0.0106289012990088,0.0128540048272265,0.0217573613243156,0,0.00151728020136951,0.0789253030844043,0.101816240470994,0.846474642063583,0,0,0.212540864988568,0.240845616280877,0.0249417086419761,0.135392119343312,0.0177050690155265,0.000532432543933738,0.0552021613006324,0,0.0501677240677346,0,0,0.00245333013729712,0,0,0,12.1443696658269,2.3367388708971,45.7087523851161,1.27854040493602,0,0.0335756478218503,3.87357059565166,12.3886184426601,0.00748501410797819,3.62107309554074,0,0,0.00832592259803411,0.340217486911636,0,0,0.0517015263549732,0,0
0,0,0,0,0,0,0,0,0.0215287532810857,0,0,0,0.0160231741985706,0,0,0,0,0,0,0,0,0,0,0,0,0,0,0,0,0,0,0,0,0,3.40052388953958e-05,0.0134091908371763,0.000854709443075811,0,0,0,0,0.00193240169908862,0.15899700640077,1.41082424303201,0.673608194565074,0.534786009816077,0.00264679307753287,0.00245588502079253,0.0924059329747546,0,0.115973206796454,3.53832481551565,0,0,5.97896995631082e-05,0.00236861192970558,0.000382772452040003,0.0561323859736547,0,0.267997613968142,0,0.0405849377463395,0,0.000298534350108761,0.00245333013729712,0,0,19.7038286336804,0,3.13776694630591,0.143500455759328,13.6993819358871,0.00472052886455809,0.109593336107793,3.20445456078782,0.180705144079493,0,0,0.0966819513095939,0.00850122128465954,0,0,0.503350141363874,4.06998314555656e-05,0.0040805565341695,0.10776365182513,0,0
0,0,0,0,0,0,0,0,0,0,0,0,0,0,0,0,0,0,0,0,0,0,0,0,0,0,0,0,0,0,0,0,0,0,0,0,0,0,0,0,0,0,0,0.00906690080369389,0.000824936425954936,0,0,0,0,0,0,0,0,0,0,0,0,0,0,4.04179583845986,0,0.0365718564562664,0,0,0,0,0,15.6168152590408,0,0,0,0,0,0.0644641072776862,5.8833733538842,0.00548994186505102,0,0,0,0.000556888478287387,0,0,0.000560468698913456,0,0,0,0,0
0,0,0,0,0,0,0,0,0.00416049983195648,0,0,0,0,0,0,0,0,0,0,0,0,0,0,0,0.00180321936941282,0,0,0,0,0,0,0,0,0,0,0.000258621032990214,0,0,0,0,0,0.00208223571560184,0.00566330949579727,0.232088341567273,0.174977528263681,0.0260362961282031,0.000117133891007211,0,0.0157990134935154,0,0.0289287911608014,0.0202335439888511,0,0,0,0,0,0.00387231677213213,0,3.19654407549501,0,0.429376317956716,0,0,0,19.7038286336804,15.6168152590408,0,0,0.196076680051337,0.024803090086521,1.37350605629725,0,1.36787691483593,13.5662981103756,0.434451479611496,0,0,0.00156190258755933,0.0887995881746293,0,0,0.195647266915235,0,0.000221161864043702,0.00342300498439577,0,0
0,0,0,0,0,0,0,0,0,0,0,0,0,0,0,0,0,0,0,0,0,0,0,0,0,0,0,0,0,0,0,0,0,0,0,0,0,0,0,0,0,0,0,0.00233036342262444,0,0,0,0,0,0,0,0,66.6226773903552,0,0.318882957249966,1.45757542476508,0,0,30.1354324942997,0,31.7068309047844,0,0,0,0,0,0,0,0,0,0.0011984722611721,0,2.8329133735934,0,0,0,4.66324727020366,0,0,0,0,0,0,0,0,0,0,0
0,0,0,0,0,0,0,0,0.0123072615508618,0,0,0,0.014882262986847,0,1.3026369342548e-05,0,0,0,0,0,0,0,0,0,0,0,0,0,0,0,0,0,0,0,0.000147107049418179,0.080654472605579,0.00414663785622717,0,0.000166168429294519,0.000419407552779588,1.37048488370047e-05,0.00265008943249628,1.02485985768397,0.917829497582208,0.442156494565519,0.304944588493241,0.0128179467224191,0.00277838648054169,0.0650446351766496,0.0663224611678916,0.0388590384294556,3.12974522957208,0,0,0.0514168649171461,0.229318304243319,0.00731001167180958,0.0677557378210694,0.00250663186209022,0.0512467700779121,0.0096171960917279,0.0258582776546977,0.0117939747708208,0.000116496966636219,12.1443696658269,3.13776694630591,0,0.196076680051337,0,0,0.539487049047082,13.9212216256641,0.913539977968566,0.0277206309660688,0.398816017073638,0.148363669345038,3.78651303396398,0.00146109798905551,12.3109232626767,0,0,0.00198983469167927,0.438294278188031,0.000166008375401668,0.00923864083095082,0.64365350699099,0,0
0,0.965129815368104,0.0534999000239431,0,0,0,0,0,0.322338752557909,0,0.0206224640657855,0,0.00811671340828451,0,0,0,0.0299755312091914,0.00575943123654299,0.011080967780208,0,0.00170296031075975,0.395511827237388,0.00538603650717785,0.000455218226577542,0.0240659818644354,0.0142266231037071,0.0257014376898443,0.00132820379835133,0,0,0,0,0,0.0309426741977439,4.03767336046579e-05,0.061143125624229,0.113020459353432,0.0746953481653514,0.00242030860160561,8.53298046226691e-05,0,0.00184501202409715,1.20893732423099,7.04830510402469,0.182646509524845,0.0764158604105157,0.0736998882934736,0.00250624561231838,0.010406558854335,0.42696984039504,11.1217896359363,8.45259166631299,0,0,0.423389937882703,0.378928037037529,0.13078350996903,8.10606332033348,0.0459126564914616,0.0295680103057863,0.0498201971614261,0.00699498323163206,0.24257977342355,0,2.3367388708971,0.143500455759328,0,0.024803090086521,0.0011984722611721,0.539487049047082,0,3.29898617966166,2.61213255386331,0.0342649656528643,2.40393809081617,2.26197765920125,0.761673517194172,0.015589793557399,2.44338212767786,0,0,0.0453180873266904,1.65021224872659,0,0.0373157197481767,1.6300353904597,0,0
0,0,0,0,0,0,0,0,0.0167196427394793,0,0,0,0.00519683929152137,0,5.01829445668598e-05,0,0,0,0,0,0,0.00110602490414069,0,0,0,0,0,0,0,0,0,0,0,0,0.00011425656742956,0.0310626313266496,0.0010757621991494,0,0,0.000189664931771312,2.17505427082057e-05,0.00107321894485105,0.789618681529497,1.25407545592966,0.439739388622117,0.20831980636923,0.0334205242545033,0.00353552523763314,0.0249090421290846,0.108617727043164,0.148974597254557,8.78932841084627,0,0,0.134394205272911,0.22317782703122,0.0319893990221086,0.194157743147222,0.0124164855997138,0.0679823235795815,0.0189012112477112,0.0217444453895226,0.0494449517932135,0.000451992758321679,45.7087523851161,13.6993819358871,0,1.37350605629725,0,13.9212216256641,3.29898617966166,0,0.433514892249507,0.0265598048527796,1.59307168478926,5.92698176526176,1.37505512913406,0.00483231882129898,4.83196694627969,0.00187515934621951,0,0.00819726844555129,2.92281316449148,5.79728891507488e-05,0.00119146097255566,0.544351827210801,0,0
0,0,0,0,0,0,0,0,0.00122443915381805,0,0,0,0.00105798906535369,0,0,0,0,0,0,0,0,0,0,0,0,0,0,0,0,0,0,0,0,0,5.57373992328332e-05,0.00137062048618594,0,0,0,0,0,0,1.00107578646871,0.806370949784035,0.0240482791511253,0.0091913295707991,2.2688230167829,0.000574666956571915,0,0.557900129379816,0.00539074556814009,0.198872653878027,2.23101115298987,0,2.1739516646482,6.05498269655767,0.243477906961911,15.180514744646,0.904648023669756,0.00082367502920027,4.62727332188432,0.000220513469026285,0.43604238748534,0.132739066125444,1.27854040493602,0.00472052886455809,0,0,2.8329133735934,0.913539977968566,2.61213255386331,0.433514892249507,0,0,0.0237874791760224,0.029795170526746,41.4974896192996,0.0227803583052553,0.637900772599153,0,0,0.0419198406612431,0.259914764960343,0,0,0.295180199952064,0,0
0,0.10816667347362,0.00345675754484631,0,0,0,0,0,0.0160983921802588,0,0.00791194383806823,0,0.0254229371305268,0,0,0,0,0,0.00420212911796081,0,0,0,0,0,1.34278480195693,0.00749298796387876,0.0216730461796165,0,0,0,0,0,0,0.00176499902730483,0,0.00268970645786004,0.747013591529382,0.00293863669683422,0.00589484104275947,0,0,1.18148641451557,0.0310177166290124,15.4875326342981,0.303783038869167,0.0985578237837827,0.000103495436686689,0,20.2346367670915,0,0.841982915348982,0.0415286445020278,0,0,0,0.000289349850150361,0,0.0392408210763966,0,3.18526293367263,0,9.53325237328296,0,0,0,0.109593336107793,0.0644641072776862,1.36787691483593,0,0.0277206309660688,0.0342649656528643,0.0265598048527796,0,0,1.20061008527471,1.18273235328209,0,0,0.00592844281754098,0.0257511819715503,0,0,0.110013175668603,0,0,0.0267271676256858,0,0
0,0,0.000609559797002945,0,0,0,0,0,0.205916655814376,0,0,0,0.0150562676510942,0,0,0,0,0,0,0,0,0.00427372682202179,0,0,0.00343772978722458,0.000477937092663624,0,0,0,0,0,0,0,0,5.88547142173722e-05,0.0197650655119581,0.00165098599841813,0.00219274643833013,0.00074184917621678,3.38046607269802e-05,0,0.00182263811759356,0.407625151713675,3.51224490926691,1.01239436266483,0.276211688822176,0.00231649476383401,0.00164863820441518,0.0685417132912093,0.00661641862913472,1.16893794077332,7.55568705409679,0,0,0.00580972331096278,0.0142179573912383,0.00171614716065457,0.500600875354097,0.000536281419746721,13.4940004576379,0.000717798855473812,4.69181447721888,0.0010195524315127,4.20507890010121e-05,0.0335756478218503,3.20445456078782,5.8833733538842,13.5662981103756,0,0.398816017073638,2.40393809081617,1.59307168478926,0.0237874791760224,1.20061008527471,0,11.4797475461362,0.0131629329338036,0.000420287260424188,0.126969937430982,2.28186588601442,0,0.000146450294890788,1.84806573143878,0.000133770401697817,0.00194887507309855,0.203369696702675,0,0
0,0,0,0,0,0,0,0,0.164482859812348,0,0,0,0.00241428612743103,0,0,0,0,0,0,0,0,0.00421933449495244,0,0,0.00198585685235447,0.000339054177928233,0.000569618194125857,0,0,0,0,0,0,0,4.2460120866292e-05,0.00635330318136309,0.00145804784664721,0,0,0,0,0.00150350294648221,0.123819221579138,1.14775285210558,0.226599975138315,0.0495023931865546,0.00482519004138676,0.000180187518803471,0.0272198118083925,0.0132356944929813,2.30591496917499,4.97117328837852,0,0,0.0116707213917295,0.0238469456744097,0.00175587355281429,0.166696647472989,0.000694499191440419,0.996286984958309,0.000176133037420804,2.14795525811763,0.0056859685035798,0,3.87357059565166,0.180705144079493,0.00548994186505102,0.434451479611496,0,0.148363669345038,2.26197765920125,5.92698176526176,0.029795170526746,1.18273235328209,11.4797475461362,0,0.0306810262991607,0.00071444137366819,0.360849334502745,1.17898456071459,0,0.000673884192085542,0.771259573275406,3.98053020588289e-05,0.000714121808799786,0.0663535023135742,0,0
0,0,0,0,0,0,0,0,0.00140838318596638,0,0,0,0,0,0,0,0,0,0,0,0,0,0,0,0,0,0,0,0,0,0,0,0,0,2.73772889534393e-06,0.00106972039950017,0,0,0,0,0,0,0.0335139651482331,0.27809320148566,0.00392441000770106,0.0024772237246356,0.026260531287417,0,0.000176292789549446,0.102957468761303,0.00633384774830728,0.100031112106006,20.5232416054262,0,0.704363308258064,6.96861257585847,0.0614952881512136,0.171499006655724,4.12502330614434,0,0.633801462846716,0,0.0802099380542376,0.000215714906243567,12.3886184426601,0,0,0,4.66324727020366,3.78651303396398,0.761673517194172,1.37505512913406,41.4974896192996,0,0.0131629329338036,0.0306810262991607,0,0.00692225873297781,0.945528110985934,0,0,0.00310276613869157,0.0926765103192939,3.32638322154724e-06,0.00019511831485405,0.012392301500761,0,0
0,0,0,0,0,0,0,0,0,0,0,0,0,0,0,0,0,0,0,0,0,0,0,0,0,0,0,0,0,0,0,0,0,0,0,4.02052117686978e-05,0,0,0,0,0,0,0.0429983356528129,0.0778735111638135,0.472890636715996,0.0180965494446465,2.55535215821873,0.697146858037021,0,23.7473429478527,0.00062746565320717,0.0026092540838382,0,0.194414057099173,0.960018008843239,0.0372194156310385,5.48017985167491,0.00915143216189084,0.000641527553831612,0,0.00260073777659725,0,10.7409584898498,0,0.00748501410797819,0,0,0,0,0.00146109798905551,0.015589793557399,0.00483231882129898,0.0227803583052553,0,0.000420287260424188,0.00071444137366819,0.00692225873297781,0,0.247258571210529,0,1.41379737085858,19.8747761081863,3.48653646582764,0,6.90422614321859e-05,0.0260219002993423,0,0
0,0,0,0,0,0,0,0,0.0161899556008661,0,0,0,0.00530684164305025,0,0,0,0,0,0,0,0,0,0,0,0,0,0,0,0,0,0,0,0,0,0.000124448843978538,0.0227997261380824,0.00120548925448953,0,0.00039259671106625,0.000154260853754282,0,0.000599450094127471,0.422853894806849,1.85118820265961,0.075982261563459,0.0947873229140932,0.0696434130097053,0.00244295669700004,0.0106678190501242,5.82351746765425,0.0393962949776834,1.17538552203611,0,0,0.313710594366653,9.88778861534275,0.0898246560947232,0.313127694684358,0.0277058177304207,0.0149488256855892,0.0311546551460039,0.00760607327470347,0.192913872117923,0,3.62107309554074,0.0966819513095939,0,0.00156190258755933,0,12.3109232626767,2.44338212767786,4.83196694627969,0.637900772599153,0.00592844281754098,0.126969937430982,0.360849334502745,0.945528110985934,0.247258571210529,0,0,0,0.0872998213297213,0.935686073620792,7.22045179433351e-05,0.00447892689406564,0.287285071563842,0,0
0,0,0,0,0,0,0,0,0,0,0,0,0,0,0,0,0,0,0,0,0,0,0,0,0,0,0,0,0,0,0,0,0,0,0,7.8865936877357e-05,0,0,0,0,0,0,0.000813603416387572,0.0106271078029891,0.00794516301681371,0.00141997670133948,0,0,0,0,0,0,0,0,0,0,0,0,0,0.874960466606778,0,11.6898169165352,0,0,0,0.00850122128465954,0.000556888478287387,0.0887995881746293,0,0,0,0.00187515934621951,0,0.0257511819715503,2.28186588601442,1.17898456071459,0,0,0,0,0,0,0.0094655001026708,0,0,0.000682411486354582,0,0
0,0,0,0,0,0,0,0,0,0,0,0,0,0,0,0,0,0,0,0,0,0,0,0,0,0,0,0,0,0,0,0,0,0,0,0,0,0,0,0,0,0,0,0,0.00432095973321404,0,0.0186842833767886,2.17014150438894,0,0,0,0,0,5.85223747411543,1.2606356220293,0,3.5474135281103,0,0,0,0,0,2.44703972792305,0,0,0,0,0,0,0,0,0,0,0,0,0,0,1.41379737085858,0,0,0,0,0.49318019408266,0,0,0,0,0
0,0,0,0,0,0,0,0,0,0,0,0,0,0,0,0,0,0,0,0,0,0,0,0,0,0,0,0,0,0,0,0,0,0,0,0,0,0,0,0,0,0,0.123837492594216,0.315938109761903,0.0391528500055191,0.00352655229358195,2.87589995355586,0,0,32.1464897791425,0,0.00277112252723732,0,0,0.360596649809616,0.0142565649848613,0.251702689516577,0.0584050343714462,0.000653393318291243,0,0.00237853016104786,0,0.249881532643028,0.00541162452879276,0.00832592259803411,0,0,0,0,0.00198983469167927,0.0453180873266904,0.00819726844555129,0.0419198406612431,0,0.000146450294890788,0.000673884192085542,0.00310276613869157,19.8747761081863,0.0872998213297213,0,0,0,0.377206949827228,0,0,0.1788423610616,0,0
0,0,0,0,0,0,0,0,0.0260380057094361,0,0,0,0.0426286962792797,0,9.74951792396595e-05,0,0,0,0,0,0,0,0,0,0.000711623395099628,0,0,0,0,0,0,0,0,0.000143409266905661,0.00315801945257937,0.450100470276177,0.0164149098533573,0.00182677051842124,0.0010245249520848,0.00715809482889747,0.000287436266543028,0.00498846648922529,15.0488100173546,11.0976621626752,52.0900923722355,4.40261748679267,6.48551587967427,3.87657504082363,0.333441005398413,2.39902496844454,0.316676371013316,4.69370921203723,0,0.826064142719859,1.39483621762387,0.162711797698115,4.67029063729032,0.395628167104388,0.0074863682601344,4.1351925215508,0.0164600882404972,0.160681980725489,1.61715633134885,0.00224726520510144,0.340217486911636,0.503350141363874,0.000560468698913456,0.195647266915235,0,0.438294278188031,1.65021224872659,2.92281316449148,0.259914764960343,0.110013175668603,1.84806573143878,0.771259573275406,0.0926765103192939,3.48653646582764,0.935686073620792,0.0094655001026708,0.49318019408266,0.377206949827228,0,0.0014038613236938,0.0492464152377158,14.6413285411321,0,1.04856914000741e-05
0,0,0,0,0,0,0,0,1.98705490226042e-05,0,0,0,2.2127632180399e-05,0,0.00152469832003212,0,0,0,0,0,0,0,0,0,0,0,0,0,0,0,0,0,1.35586041766431e-05,0.000106762986637158,1.37561309502029,0.108418363134978,0.00490569667198954,0.000961554676578802,0.000749909851396614,0.0111541984615268,0.000327506778797558,0.000104707716317213,0.438809508716862,0.0250917825915677,0.00619440271135651,0.0150462253551297,0.164467873986888,0.00572503793659098,0.000604019910685885,0,0,4.86437581784218e-05,0,0,8.53216430999077e-05,1.11086748001238e-05,1.17139259632378e-05,0,0,0.00205134038478034,0,0.000201045022798096,0,0.0655107967833143,0,4.06998314555656e-05,0,0,0,0.000166008375401668,0,5.79728891507488e-05,0,0,0.000133770401697817,3.98053020588289e-05,3.32638322154724e-06,0,7.22045179433351e-05,0,0,0,0.0014038613236938,0,0.0338506800651509,0.43720819613743,1.73272384562963,0.0277107226525814
0.449996331726459,0.394443388491641,1.55733738950592,0,0,0.0224884898034749,0.126535061900378,0.00395546203419539,5.98532620728421,0.00536320917222884,0.013554043106486,0.19260809924901,1.05981441802699,0.00109436819161749,1.02803911750823,1.90728208935969,0.0990664815817206,0,0.0205486076810739,0.000385951575584804,0.220634389433456,3.48441717087595,0.840643286880754,0.229896056132035,0.0117607841391384,0.0628495181273928,0.0901353131944485,0.27129198155489,0.578698261060631,0.276129423604789,0,0,2.54758567352176,12.367782261958,0.148678235074791,19.1169649157407,13.3933795401283,18.0765516254504,31.9740877294177,17.6807968566115,5.7962788141846,3.8393575236336,0.893087094063543,0.304346633176892,0.174990853226041,0.863037784754859,0.174496890281551,0.0792856539969384,0.0809743050498942,0.000182363289142593,0,0.00298938073086575,0,0,0,9.23769292594532e-05,0,0.00916796017644537,0,0.0150676178602971,0,0.0554264233690939,0,0.067095608971584,0,0.0040805565341695,0,0.000221161864043702,0,0.00923864083095082,0.0373157197481767,0.00119146097255566,0,0,0.00194887507309855,0.000714121808799786,0.00019511831485405,6.90422614321859e-05,0.00447892689406564,0,0,0,0.0492464152377158,0.0338506800651509,0,0.1947200713506,0.000625974335003862,0.000204457446815121
0.00118468072993882,0.00705167521250865,0.0198649683087049,0,0,0,3.20502038890294e-05,0.000173624593146751,0.119781919649169,0,0,0,0.3025315701848,2.69811897201555e-05,0.339979664031582,0.00485175964078702,0,0,0,0,0.0011468876168547,0.0387153874008339,0.00350713587334639,0.000199457979458425,0.000467626543199924,0.00132440272800612,0.000219033107258284,0.00230104333174667,0.00017117146652427,0.000392046777541692,0,0,0.00303456902512378,0.0422800858174407,0.795831124265601,1.83127710001108,0.201037763580112,0.335701099830069,0.862256452311095,4.70796612066576,0.231037937096208,0.507387315727037,37.9366713660501,30.3718304040432,21.7510180699475,44.02292364578,20.8776380038574,3.52515168132103,0.275819129263062,0.978772504909398,0.0608946432529837,0.6155386708769,0,0,0.181226639329051,0.0235826946693576,0.070556832053143,2.56577379251542,0.00260087219658728,0.175760458947161,0.00714248572666332,0.147316438669864,0.0646525599663622,1.28112574577102,0.0517015263549732,0.10776365182513,0,0.00342300498439577,0,0.64365350699099,1.6300353904597,0.544351827210801,0.295180199952064,0.0267271676256858,0.203369696702675,0.0663535023135742,0.012392301500761,0.0260219002993423,0.287285071563842,0.000682411486354582,0,0.1788423610616,14.6413285411321,0.43720819613743,0.1947200713506,0,0.00458276716399949,0.0049090501195229
0,0,0,0,0,0,0,0,0,0,0,0,0,0,0.000456152436842457,0,0,0,0,0,0,0,0,0,0,0,0,0,0,0,0,0,0,3.1599823321673e-05,0.0372375983048772,0.00389739257210724,3.42988263605411e-05,6.02786253872831e-05,0.000238848695671476,0.00288031434402136,5.32920694480904e-05,0,0.0071314324036599,0.000124267764419529,0,0.000554060823544319,0.00379448975907577,0,0,0,0,0,0,0,0,0,0,0,0,0,0,0,0,0.00648900392857534,0,0,0,0,0,0,0,0,0,0,0,0,0,0,0,0,0,0,0,1.73272384562963,0.000625974335003862,0.00458276716399949,0,0.00221110776762778
0,0,0,0,0,0,0,0,0,0,0,0,0,0,0.00174669453001927,0,0,0,0,0,0,0,0,0,0,0,0,0,0,0,0,0,0,0,1.35088294752774,0.00283761494540888,5.23889326476755e-05,8.61839880463341e-05,0.000195758649534302,0.00295253070481572,0,0,0.00527015733646732,0.000358356701942008,0,0.0007134293267056,0.00204912794110891,0.00160454563025511,0,0,0,0,0,0,0,0,0,0,0,0,0,0,0,0.00368798243616047,0,0,0,0,0,0,0,0,0,0,0,0,0,0,0,0,0,0,1.04856914000741e-05,0.0277107226525814,0.000204457446815121,0.0049090501195229,0.00221110776762778,0
